,ts_code,name
0,000001.SZ,平安银行
1,000002.SZ,万科A
2,000004.SZ,国华网安
4,000006.SZ,深振业A
6,000008.SZ,神州高铁
7,000009.SZ,中国宝安
8,000010.SZ,美丽生态
9,000011.SZ,深物业A
10,000012.SZ,南玻A
11,000014.SZ,沙河股份
12,000016.SZ,深康佳A
13,000017.SZ,深中华A
14,000019.SZ,深粮控股
15,000020.SZ,深华发A
16,000021.SZ,深科技
18,000025.SZ,特力A
19,000026.SZ,飞亚达
20,000027.SZ,深圳能源
21,000028.SZ,国药一致
22,000029.SZ,深深房A
23,000030.SZ,富奥股份
24,000031.SZ,大悦城
25,000032.SZ,深桑达A
26,000034.SZ,神州数码
27,000035.SZ,中国天楹
28,000036.SZ,华联控股
29,000037.SZ,深南电A
30,000039.SZ,中集集团
31,000040.SZ,东旭蓝天
32,000042.SZ,中洲控股
33,000045.SZ,深纺织A
34,000048.SZ,京基智农
35,000049.SZ,德赛电池
36,000050.SZ,深天马A
37,000055.SZ,方大集团
38,000056.SZ,皇庭国际
39,000058.SZ,深赛格
40,000059.SZ,华锦股份
41,000060.SZ,中金岭南
42,000061.SZ,农产品
43,000062.SZ,深圳华强
44,000063.SZ,中兴通讯
45,000065.SZ,北方国际
46,000066.SZ,中国长城
47,000068.SZ,华控赛格
48,000069.SZ,华侨城A
49,000070.SZ,特发信息
50,000078.SZ,海王生物
51,000088.SZ,盐田港
52,000089.SZ,深圳机场
53,000090.SZ,天健集团
54,000096.SZ,广聚能源
55,000099.SZ,中信海直
56,000100.SZ,TCL科技
57,000151.SZ,中成股份
58,000153.SZ,丰原药业
59,000155.SZ,川能动力
60,000156.SZ,华数传媒
61,000157.SZ,中联重科
62,000158.SZ,常山北明
63,000159.SZ,国际实业
64,000166.SZ,申万宏源
65,000301.SZ,东方盛虹
66,000333.SZ,美的集团
67,000338.SZ,潍柴动力
68,000400.SZ,许继电气
69,000401.SZ,冀东水泥
70,000402.SZ,金融街
71,000403.SZ,派林生物
72,000404.SZ,长虹华意
73,000407.SZ,胜利股份
74,000408.SZ,藏格矿业
75,000409.SZ,云鼎科技
76,000410.SZ,沈阳机床
77,000411.SZ,英特集团
78,000413.SZ,东旭光电
79,000415.SZ,渤海租赁
81,000417.SZ,合肥百货
82,000419.SZ,通程控股
83,000420.SZ,吉林化纤
84,000421.SZ,南京公用
85,000422.SZ,湖北宜化
86,000423.SZ,东阿阿胶
87,000425.SZ,徐工机械
88,000426.SZ,兴业银锡
89,000428.SZ,华天酒店
90,000429.SZ,粤高速A
91,000430.SZ,张家界
92,000488.SZ,晨鸣纸业
93,000498.SZ,山东路桥
94,000501.SZ,武商集团
95,000503.SZ,国新健康
96,000504.SZ,南华生物
97,000505.SZ,京粮控股
98,000506.SZ,中润资源
99,000507.SZ,珠海港
100,000509.SZ,华塑控股
101,000510.SZ,新金路
102,000513.SZ,丽珠集团
103,000514.SZ,渝开发
104,000516.SZ,国际医学
105,000517.SZ,荣安地产
106,000518.SZ,四环生物
107,000519.SZ,中兵红箭
108,000520.SZ,凤凰航运
109,000521.SZ,长虹美菱
110,000523.SZ,红棉股份
111,000524.SZ,岭南控股
113,000526.SZ,学大教育
114,000528.SZ,柳工
115,000529.SZ,广弘控股
116,000530.SZ,冰山冷热
117,000531.SZ,穗恒运A
118,000532.SZ,华金资本
119,000533.SZ,顺钠股份
120,000534.SZ,万泽股份
121,000536.SZ,华映科技
122,000537.SZ,中绿电
123,000538.SZ,云南白药
124,000539.SZ,粤电力A
125,000541.SZ,佛山照明
126,000543.SZ,皖能电力
127,000544.SZ,中原环保
128,000545.SZ,金浦钛业
129,000546.SZ,金圆股份
130,000547.SZ,航天发展
131,000548.SZ,湖南投资
132,000550.SZ,江铃汽车
133,000551.SZ,创元科技
134,000552.SZ,甘肃能化
135,000553.SZ,安道麦A
136,000554.SZ,泰山石油
137,000555.SZ,神州信息
138,000557.SZ,西部创业
139,000558.SZ,莱茵体育
140,000559.SZ,万向钱潮
141,000560.SZ,我爱我家
142,000561.SZ,烽火电子
143,000563.SZ,陕国投A
145,000565.SZ,渝三峡A
146,000566.SZ,海南海药
147,000567.SZ,海德股份
148,000568.SZ,泸州老窖
149,000570.SZ,苏常柴A
150,000571.SZ,新大洲A
151,000572.SZ,海马汽车
152,000573.SZ,粤宏远A
153,000576.SZ,甘化科工
154,000581.SZ,威孚高科
155,000582.SZ,北部湾港
157,000586.SZ,汇源通信
158,000589.SZ,贵州轮胎
159,000590.SZ,启迪药业
160,000591.SZ,太阳能
161,000592.SZ,平潭发展
162,000593.SZ,德龙汇能
163,000595.SZ,宝塔实业
164,000596.SZ,古井贡酒
165,000597.SZ,东北制药
166,000598.SZ,兴蓉环境
167,000599.SZ,青岛双星
168,000600.SZ,建投能源
169,000601.SZ,韶能股份
170,000603.SZ,盛达资源
171,000605.SZ,渤海股份
172,000607.SZ,华媒控股
173,000608.SZ,阳光股份
174,000609.SZ,中迪投资
175,000610.SZ,西安旅游
176,000612.SZ,焦作万方
178,000617.SZ,中油资本
179,000619.SZ,海螺新材
181,000622.SZ,恒立实业
182,000623.SZ,吉林敖东
183,000625.SZ,长安汽车
184,000626.SZ,远大控股
185,000627.SZ,天茂集团
186,000628.SZ,高新发展
187,000629.SZ,钒钛股份
188,000630.SZ,铜陵有色
189,000631.SZ,顺发恒业
190,000632.SZ,三木集团
191,000633.SZ,合金投资
192,000635.SZ,英力特
193,000636.SZ,风华高科
195,000638.SZ,万方发展
196,000639.SZ,西王食品
197,000650.SZ,仁和药业
198,000651.SZ,格力电器
199,000652.SZ,泰达股份
200,000655.SZ,金岭矿业
201,000656.SZ,金科股份
202,000657.SZ,中钨高新
203,000659.SZ,珠海中富
204,000661.SZ,长春高新
205,000663.SZ,永安林业
206,000665.SZ,湖北广电
207,000668.SZ,荣丰控股
209,000670.SZ,盈方微
210,000672.SZ,上峰水泥
211,000676.SZ,智度股份
212,000677.SZ,恒天海龙
213,000678.SZ,襄阳轴承
214,000679.SZ,大连友谊
215,000680.SZ,山推股份
216,000681.SZ,视觉中国
217,000682.SZ,东方电子
218,000683.SZ,远兴能源
219,000685.SZ,中山公用
220,000686.SZ,东北证券
221,000688.SZ,国城矿业
222,000690.SZ,宝新能源
223,000691.SZ,亚太实业
225,000695.SZ,滨海能源
227,000698.SZ,沈阳化工
228,000700.SZ,模塑科技
229,000701.SZ,厦门信达
230,000702.SZ,正虹科技
231,000703.SZ,恒逸石化
232,000705.SZ,浙江震元
233,000707.SZ,双环科技
234,000708.SZ,中信特钢
235,000709.SZ,河钢股份
236,000710.SZ,贝瑞基因
238,000712.SZ,锦龙股份
239,000713.SZ,丰乐种业
240,000715.SZ,中兴商业
241,000716.SZ,黑芝麻
242,000717.SZ,中南股份
243,000718.SZ,苏宁环球
244,000719.SZ,中原传媒
245,000720.SZ,新能泰山
246,000721.SZ,西安饮食
247,000722.SZ,湖南发展
248,000723.SZ,美锦能源
249,000725.SZ,京东方A
250,000726.SZ,鲁泰A
251,000727.SZ,冠捷科技
252,000728.SZ,国元证券
253,000729.SZ,燕京啤酒
254,000731.SZ,四川美丰
255,000733.SZ,振华科技
256,000735.SZ,罗牛山
257,000736.SZ,中交地产
258,000737.SZ,北方铜业
259,000738.SZ,航发控制
260,000739.SZ,普洛药业
261,000750.SZ,国海证券
262,000751.SZ,锌业股份
264,000753.SZ,漳州发展
265,000755.SZ,山西路桥
266,000756.SZ,新华制药
267,000757.SZ,浩物股份
268,000758.SZ,中色股份
269,000759.SZ,中百集团
270,000761.SZ,本钢板材
271,000762.SZ,西藏矿业
272,000766.SZ,通化金马
273,000767.SZ,晋控电力
274,000768.SZ,中航西飞
275,000776.SZ,广发证券
276,000777.SZ,中核科技
277,000778.SZ,新兴铸管
278,000779.SZ,甘咨询
279,000782.SZ,美达股份
280,000783.SZ,长江证券
281,000785.SZ,居然之家
282,000786.SZ,北新建材
283,000788.SZ,北大医药
284,000789.SZ,万年青
285,000790.SZ,华神科技
286,000791.SZ,甘肃能源
287,000792.SZ,盐湖股份
288,000793.SZ,华闻集团
289,000795.SZ,英洛华
291,000797.SZ,中国武夷
292,000798.SZ,中水渔业
293,000799.SZ,酒鬼酒
294,000800.SZ,一汽解放
295,000801.SZ,四川九洲
296,000802.SZ,北京文化
297,000803.SZ,山高环能
298,000807.SZ,云铝股份
299,000809.SZ,铁岭新城
300,000810.SZ,创维数字
301,000811.SZ,冰轮环境
302,000812.SZ,陕西金叶
303,000813.SZ,德展健康
304,000815.SZ,美利云
305,000816.SZ,智慧农业
306,000818.SZ,航锦科技
307,000819.SZ,岳阳兴长
308,000820.SZ,神雾节能
309,000821.SZ,京山轻机
310,000822.SZ,山东海化
311,000823.SZ,超声电子
312,000825.SZ,太钢不锈
313,000826.SZ,启迪环境
314,000828.SZ,东莞控股
315,000829.SZ,天音控股
316,000830.SZ,鲁西化工
317,000831.SZ,中国稀土
318,000833.SZ,粤桂股份
319,000836.SZ,富通信息
320,000837.SZ,秦川机床
321,000838.SZ,财信发展
323,000848.SZ,承德露露
324,000850.SZ,华茂股份
325,000851.SZ,高鸿股份
326,000852.SZ,石化机械
327,000856.SZ,冀东装备
328,000858.SZ,五粮液
329,000859.SZ,国风新材
330,000860.SZ,顺鑫农业
331,000861.SZ,海印股份
332,000862.SZ,银星能源
333,000863.SZ,三湘印象
334,000868.SZ,安凯客车
335,000869.SZ,张裕A
336,000875.SZ,吉电股份
337,000876.SZ,新希望
338,000877.SZ,天山股份
339,000878.SZ,云南铜业
340,000880.SZ,潍柴重机
341,000881.SZ,中广核技
342,000882.SZ,华联股份
343,000883.SZ,湖北能源
344,000885.SZ,城发环境
345,000886.SZ,海南高速
346,000887.SZ,中鼎股份
347,000888.SZ,峨眉山A
349,000890.SZ,法尔胜
350,000892.SZ,欢瑞世纪
351,000893.SZ,亚钾国际
352,000895.SZ,双汇发展
353,000897.SZ,津滨发展
354,000898.SZ,鞍钢股份
355,000899.SZ,赣能股份
356,000900.SZ,现代投资
357,000901.SZ,航天科技
358,000902.SZ,新洋丰
359,000903.SZ,云内动力
360,000905.SZ,厦门港务
361,000906.SZ,浙商中拓
362,000908.SZ,景峰医药
364,000910.SZ,大亚圣象
365,000911.SZ,广农糖业
366,000912.SZ,泸天化
367,000913.SZ,钱江摩托
368,000915.SZ,华特达因
369,000917.SZ,电广传媒
370,000919.SZ,金陵药业
371,000920.SZ,沃顿科技
372,000921.SZ,海信家电
373,000922.SZ,佳电股份
374,000923.SZ,河钢资源
375,000925.SZ,众合科技
376,000926.SZ,福星股份
377,000927.SZ,中国铁物
378,000928.SZ,中钢国际
379,000929.SZ,兰州黄河
380,000930.SZ,中粮科技
381,000931.SZ,中关村
382,000932.SZ,华菱钢铁
383,000933.SZ,神火股份
384,000935.SZ,四川双马
385,000936.SZ,华西股份
386,000937.SZ,冀中能源
387,000938.SZ,紫光股份
388,000948.SZ,南天信息
389,000949.SZ,新乡化纤
390,000950.SZ,重药控股
391,000951.SZ,中国重汽
392,000952.SZ,广济药业
393,000953.SZ,河化股份
394,000955.SZ,欣龙控股
395,000957.SZ,中通客车
396,000958.SZ,电投产融
397,000959.SZ,首钢股份
398,000960.SZ,锡业股份
399,000961.SZ,中南建设
400,000962.SZ,东方钽业
401,000963.SZ,华东医药
402,000965.SZ,天保基建
403,000966.SZ,长源电力
404,000967.SZ,盈峰环境
405,000968.SZ,蓝焰控股
406,000969.SZ,安泰科技
407,000970.SZ,中科三环
409,000972.SZ,中基健康
410,000973.SZ,佛塑科技
411,000975.SZ,银泰黄金
413,000977.SZ,浪潮信息
414,000978.SZ,桂林旅游
415,000980.SZ,众泰汽车
416,000981.SZ,山子股份
417,000982.SZ,中银绒业
418,000983.SZ,山西焦煤
419,000985.SZ,大庆华科
420,000987.SZ,越秀资本
421,000988.SZ,华工科技
422,000989.SZ,九芝堂
423,000990.SZ,诚志股份
424,000993.SZ,闽东电力
425,000995.SZ,皇台酒业
427,000997.SZ,新大陆
428,000998.SZ,隆平高科
429,000999.SZ,华润三九
430,001201.SZ,东瑞股份
431,001202.SZ,炬申股份
432,001203.SZ,大中矿业
433,001205.SZ,盛航股份
434,001206.SZ,依依股份
435,001207.SZ,联科科技
436,001208.SZ,华菱线缆
437,001209.SZ,洪兴股份
438,001210.SZ,金房能源
439,001211.SZ,双枪科技
440,001212.SZ,中旗新材
441,001213.SZ,中铁特货
442,001215.SZ,千味央厨
443,001216.SZ,华瓷股份
444,001217.SZ,华尔泰
445,001218.SZ,丽臣实业
446,001219.SZ,青岛食品
447,001222.SZ,源飞宠物
448,001223.SZ,欧克科技
449,001225.SZ,和泰机电
450,001226.SZ,拓山重工
451,001227.SZ,兰州银行
452,001228.SZ,永泰运
453,001229.SZ,魅视科技
454,001230.SZ,劲旅环境
455,001231.SZ,农心科技
456,001234.SZ,泰慕士
457,001236.SZ,弘业期货
458,001238.SZ,浙江正特
459,001239.SZ,永达股份
460,001255.SZ,博菲电气
461,001256.SZ,炜冈科技
462,001258.SZ,立新能源
463,001259.SZ,利仁科技
464,001260.SZ,坤泰股份
465,001266.SZ,宏英智能
466,001267.SZ,汇绿生态
467,001268.SZ,联合精密
468,001269.SZ,欧晶科技
469,001270.SZ,铖昌科技
470,001278.SZ,一彬科技
471,001282.SZ,三联锻造
472,001283.SZ,豪鹏科技
473,001286.SZ,陕西能源
474,001287.SZ,中电港
475,001288.SZ,运机集团
476,001289.SZ,龙源电力
477,001296.SZ,长江材料
478,001298.SZ,好上好
479,001299.SZ,美能能源
480,001300.SZ,三柏硕
481,001301.SZ,尚太科技
482,001306.SZ,夏厦精密
483,001308.SZ,康冠科技
484,001309.SZ,德明利
485,001311.SZ,多利科技
486,001313.SZ,粤海饲料
487,001314.SZ,亿道信息
488,001316.SZ,润贝航科
489,001317.SZ,三羊马
490,001318.SZ,阳光乳业
491,001319.SZ,铭科精技
492,001322.SZ,箭牌家居
493,001323.SZ,慕思股份
494,001324.SZ,长青科技
495,001326.SZ,联域股份
496,001328.SZ,登康口腔
497,001330.SZ,博纳影业
498,001331.SZ,胜通能源
499,001332.SZ,锡装股份
500,001333.SZ,光华股份
501,001336.SZ,楚环科技
502,001337.SZ,四川黄金
503,001338.SZ,永顺泰
504,001339.SZ,智微智能
505,001358.SZ,兴欣新材
506,001360.SZ,南矿集团
507,001366.SZ,播恩集团
508,001367.SZ,海森药业
509,001368.SZ,通达创智
510,001373.SZ,翔腾新材
511,001376.SZ,百通能源
512,001378.SZ,德冠新材
513,001379.SZ,腾达科技
514,001380.SZ,华纬科技
515,001387.SZ,雪祺电气
516,001696.SZ,宗申动力
517,001872.SZ,招商港口
518,001896.SZ,豫能控股
519,001914.SZ,招商积余
520,001965.SZ,招商公路
521,001979.SZ,招商蛇口
522,002001.SZ,新和成
524,002003.SZ,伟星股份
525,002004.SZ,华邦健康
527,002006.SZ,精工科技
528,002007.SZ,华兰生物
529,002008.SZ,大族激光
530,002009.SZ,天奇股份
531,002010.SZ,传化智联
532,002011.SZ,盾安环境
533,002012.SZ,凯恩股份
534,002014.SZ,永新股份
535,002015.SZ,协鑫能科
536,002016.SZ,世荣兆业
537,002017.SZ,东信和平
538,002019.SZ,亿帆医药
539,002020.SZ,京新药业
541,002022.SZ,科华生物
542,002023.SZ,海特高新
544,002025.SZ,航天电器
545,002026.SZ,山东威达
546,002027.SZ,分众传媒
547,002028.SZ,思源电气
548,002029.SZ,七匹狼
549,002030.SZ,达安基因
550,002031.SZ,巨轮智能
551,002032.SZ,苏泊尔
552,002033.SZ,丽江股份
553,002034.SZ,旺能环境
554,002035.SZ,华帝股份
555,002036.SZ,联创电子
556,002037.SZ,保利联合
557,002038.SZ,双鹭药业
558,002039.SZ,黔源电力
559,002040.SZ,南京港
560,002041.SZ,登海种业
561,002042.SZ,华孚时尚
562,002043.SZ,兔宝宝
563,002044.SZ,美年健康
564,002045.SZ,国光电器
565,002046.SZ,国机精工
566,002047.SZ,宝鹰股份
567,002048.SZ,宁波华翔
568,002049.SZ,紫光国微
569,002050.SZ,三花智控
570,002051.SZ,中工国际
572,002053.SZ,云南能投
573,002054.SZ,德美化工
574,002055.SZ,得润电子
575,002056.SZ,横店东磁
576,002057.SZ,中钢天源
577,002058.SZ,威尔泰
578,002059.SZ,云南旅游
579,002060.SZ,广东建工
580,002061.SZ,浙江交科
581,002062.SZ,宏润建设
582,002063.SZ,远光软件
583,002064.SZ,华峰化学
584,002065.SZ,东华软件
585,002066.SZ,瑞泰科技
586,002067.SZ,景兴纸业
587,002068.SZ,黑猫股份
588,002069.SZ,獐子岛
589,002072.SZ,凯瑞德
590,002073.SZ,软控股份
591,002074.SZ,国轩高科
592,002075.SZ,沙钢股份
593,002076.SZ,星光股份
594,002077.SZ,大港股份
595,002078.SZ,太阳纸业
596,002079.SZ,苏州固锝
597,002080.SZ,中材科技
598,002081.SZ,金螳螂
599,002082.SZ,万邦德
600,002083.SZ,孚日股份
601,002084.SZ,海鸥住工
602,002085.SZ,万丰奥威
605,002088.SZ,鲁阳节能
607,002090.SZ,金智科技
608,002091.SZ,江苏国泰
609,002092.SZ,中泰化学
610,002093.SZ,国脉科技
611,002094.SZ,青岛金王
612,002095.SZ,生意宝
613,002096.SZ,易普力
614,002097.SZ,山河智能
615,002098.SZ,浔兴股份
616,002099.SZ,海翔药业
617,002100.SZ,天康生物
618,002101.SZ,广东鸿图
619,002102.SZ,冠福股份
620,002103.SZ,广博股份
621,002104.SZ,恒宝股份
622,002105.SZ,信隆健康
623,002106.SZ,莱宝高科
624,002107.SZ,沃华医药
625,002108.SZ,沧州明珠
626,002109.SZ,兴化股份
627,002110.SZ,三钢闽光
628,002111.SZ,威海广泰
629,002112.SZ,三变科技
630,002114.SZ,罗平锌电
631,002115.SZ,三维通信
632,002116.SZ,中国海诚
633,002117.SZ,东港股份
634,002119.SZ,康强电子
635,002120.SZ,韵达股份
636,002121.SZ,科陆电子
637,002122.SZ,汇洲智能
638,002123.SZ,梦网科技
639,002124.SZ,天邦食品
640,002125.SZ,湘潭电化
641,002126.SZ,银轮股份
642,002127.SZ,南极电商
643,002128.SZ,电投能源
644,002129.SZ,TCL中环
645,002130.SZ,沃尔核材
646,002131.SZ,利欧股份
647,002132.SZ,恒星科技
648,002133.SZ,广宇集团
649,002134.SZ,天津普林
650,002135.SZ,东南网架
651,002136.SZ,安纳达
652,002137.SZ,实益达
653,002138.SZ,顺络电子
654,002139.SZ,拓邦股份
655,002140.SZ,东华科技
656,002141.SZ,贤丰控股
657,002142.SZ,宁波银行
658,002144.SZ,宏达高科
659,002145.SZ,中核钛白
660,002146.SZ,荣盛发展
661,002148.SZ,北纬科技
662,002149.SZ,西部材料
663,002150.SZ,通润装备
664,002151.SZ,北斗星通
665,002152.SZ,广电运通
666,002153.SZ,石基信息
667,002154.SZ,报喜鸟
668,002155.SZ,湖南黄金
669,002156.SZ,通富微电
671,002158.SZ,汉钟精机
672,002159.SZ,三特索道
673,002160.SZ,常铝股份
674,002161.SZ,远望谷
675,002162.SZ,悦心健康
676,002163.SZ,海南发展
677,002164.SZ,宁波东力
678,002165.SZ,红宝丽
679,002166.SZ,莱茵生物
680,002167.SZ,东方锆业
681,002168.SZ,惠程科技
682,002169.SZ,智光电气
683,002170.SZ,芭田股份
684,002171.SZ,楚江新材
685,002172.SZ,澳洋健康
686,002173.SZ,创新医疗
687,002174.SZ,游族网络
688,002175.SZ,东方智造
689,002176.SZ,江特电机
690,002177.SZ,御银股份
691,002178.SZ,延华智能
692,002179.SZ,中航光电
693,002180.SZ,纳思达
694,002181.SZ,粤传媒
695,002182.SZ,宝武镁业
696,002183.SZ,怡亚通
697,002184.SZ,海得控制
698,002185.SZ,华天科技
699,002186.SZ,全聚德
700,002187.SZ,广百股份
701,002188.SZ,中天服务
702,002189.SZ,中光学
703,002190.SZ,成飞集成
704,002191.SZ,劲嘉股份
705,002192.SZ,融捷股份
706,002193.SZ,如意集团
707,002194.SZ,武汉凡谷
708,002195.SZ,岩山科技
709,002196.SZ,方正电机
710,002197.SZ,证通电子
711,002198.SZ,嘉应制药
712,002199.SZ,东晶电子
714,002201.SZ,正威新材
715,002202.SZ,金风科技
716,002203.SZ,海亮股份
717,002204.SZ,大连重工
718,002205.SZ,国统股份
719,002206.SZ,海利得
720,002207.SZ,准油股份
721,002208.SZ,合肥城建
722,002209.SZ,达意隆
723,002210.SZ,飞马国际
724,002211.SZ,宏达新材
725,002212.SZ,天融信
726,002213.SZ,大为股份
727,002214.SZ,大立科技
728,002215.SZ,诺普信
729,002216.SZ,三全食品
730,002217.SZ,合力泰
731,002218.SZ,拓日新能
732,002219.SZ,新里程
733,002221.SZ,东华能源
734,002222.SZ,福晶科技
735,002223.SZ,鱼跃医疗
736,002224.SZ,三力士
737,002225.SZ,濮耐股份
738,002226.SZ,江南化工
739,002227.SZ,奥特迅
740,002228.SZ,合兴包装
741,002229.SZ,鸿博股份
742,002230.SZ,科大讯飞
743,002231.SZ,奥维通信
744,002232.SZ,启明信息
745,002233.SZ,塔牌集团
746,002234.SZ,民和股份
747,002235.SZ,安妮股份
748,002236.SZ,大华股份
749,002237.SZ,恒邦股份
750,002238.SZ,天威视讯
751,002239.SZ,奥特佳
752,002240.SZ,盛新锂能
753,002241.SZ,歌尔股份
754,002242.SZ,九阳股份
755,002243.SZ,力合科创
756,002244.SZ,滨江集团
757,002245.SZ,蔚蓝锂芯
758,002246.SZ,北化股份
759,002247.SZ,聚力文化
760,002248.SZ,华东数控
761,002249.SZ,大洋电机
762,002250.SZ,联化科技
764,002252.SZ,上海莱士
765,002253.SZ,川大智胜
766,002254.SZ,泰和新材
767,002255.SZ,海陆重工
768,002256.SZ,兆新股份
769,002258.SZ,利尔化学
771,002261.SZ,拓维信息
772,002262.SZ,恩华药业
773,002263.SZ,大东南
774,002264.SZ,新华都
775,002265.SZ,建设工业
776,002266.SZ,浙富控股
777,002267.SZ,陕天然气
778,002268.SZ,电科网安
779,002269.SZ,美邦服饰
780,002270.SZ,华明装备
781,002271.SZ,东方雨虹
782,002272.SZ,川润股份
783,002273.SZ,水晶光电
784,002274.SZ,华昌化工
785,002275.SZ,桂林三金
786,002276.SZ,万马股份
787,002277.SZ,友阿股份
788,002278.SZ,神开股份
789,002279.SZ,久其软件
790,002280.SZ,联络互动
791,002281.SZ,光迅科技
792,002282.SZ,博深股份
793,002283.SZ,天润工业
794,002284.SZ,亚太股份
795,002285.SZ,世联行
796,002286.SZ,保龄宝
797,002287.SZ,奇正藏药
798,002288.SZ,超华科技
800,002290.SZ,禾盛新材
801,002291.SZ,遥望科技
802,002292.SZ,奥飞娱乐
803,002293.SZ,罗莱生活
804,002294.SZ,信立泰
805,002295.SZ,精艺股份
806,002296.SZ,辉煌科技
807,002297.SZ,博云新材
808,002298.SZ,中电兴发
809,002299.SZ,圣农发展
810,002300.SZ,太阳电缆
811,002301.SZ,齐心集团
812,002302.SZ,西部建设
813,002303.SZ,美盈森
814,002304.SZ,洋河股份
815,002305.SZ,南国置业
816,002306.SZ,中科云网
817,002307.SZ,北新路桥
818,002308.SZ,威创股份
820,002310.SZ,东方园林
821,002311.SZ,海大集团
822,002312.SZ,川发龙蟒
823,002313.SZ,日海智能
824,002314.SZ,南山控股
825,002315.SZ,焦点科技
826,002316.SZ,亚联发展
827,002317.SZ,众生药业
828,002318.SZ,久立特材
829,002319.SZ,乐通股份
830,002320.SZ,海峡股份
831,002321.SZ,华英农业
832,002322.SZ,理工能科
833,002323.SZ,雅博股份
834,002324.SZ,普利特
835,002325.SZ,洪涛股份
836,002326.SZ,永太科技
837,002327.SZ,富安娜
838,002328.SZ,新朋股份
839,002329.SZ,皇氏集团
840,002330.SZ,得利斯
841,002331.SZ,皖通科技
842,002332.SZ,仙琚制药
843,002333.SZ,罗普斯金
844,002334.SZ,英威腾
845,002335.SZ,科华数据
846,002336.SZ,人人乐
847,002337.SZ,赛象科技
848,002338.SZ,奥普光电
849,002339.SZ,积成电子
850,002340.SZ,格林美
851,002341.SZ,新纶新材
852,002342.SZ,巨力索具
853,002343.SZ,慈文传媒
854,002344.SZ,海宁皮城
855,002345.SZ,潮宏基
856,002346.SZ,柘中股份
857,002347.SZ,泰尔股份
858,002348.SZ,高乐股份
859,002349.SZ,精华制药
860,002350.SZ,北京科锐
861,002351.SZ,漫步者
862,002352.SZ,顺丰控股
863,002353.SZ,杰瑞股份
864,002354.SZ,天娱数科
865,002355.SZ,兴民智通
866,002356.SZ,赫美集团
867,002357.SZ,富临运业
868,002358.SZ,森源电气
869,002360.SZ,同德化工
870,002361.SZ,神剑股份
871,002362.SZ,汉王科技
872,002363.SZ,隆基机械
873,002364.SZ,中恒电气
874,002365.SZ,永安药业
875,002366.SZ,融发核电
876,002367.SZ,康力电梯
877,002368.SZ,太极股份
878,002369.SZ,卓翼科技
879,002370.SZ,亚太药业
880,002371.SZ,北方华创
881,002372.SZ,伟星新材
882,002373.SZ,千方科技
883,002374.SZ,中锐股份
884,002375.SZ,亚厦股份
885,002376.SZ,新北洋
886,002377.SZ,国创高新
887,002378.SZ,章源钨业
888,002379.SZ,宏创控股
889,002380.SZ,科远智慧
890,002381.SZ,双箭股份
891,002382.SZ,蓝帆医疗
892,002383.SZ,合众思壮
893,002384.SZ,东山精密
894,002385.SZ,大北农
895,002386.SZ,天原股份
896,002387.SZ,维信诺
897,002388.SZ,新亚制程
898,002389.SZ,航天彩虹
899,002390.SZ,信邦制药
900,002391.SZ,长青股份
901,002392.SZ,北京利尔
902,002393.SZ,力生制药
903,002394.SZ,联发股份
904,002395.SZ,双象股份
905,002396.SZ,星网锐捷
906,002397.SZ,梦洁股份
907,002398.SZ,垒知集团
908,002399.SZ,海普瑞
909,002400.SZ,省广集团
910,002401.SZ,中远海科
911,002402.SZ,和而泰
912,002403.SZ,爱仕达
913,002404.SZ,嘉欣丝绸
914,002405.SZ,四维图新
915,002406.SZ,远东传动
916,002407.SZ,多氟多
917,002408.SZ,齐翔腾达
918,002409.SZ,雅克科技
919,002410.SZ,广联达
920,002412.SZ,汉森制药
921,002413.SZ,雷科防务
922,002414.SZ,高德红外
923,002415.SZ,海康威视
924,002416.SZ,爱施德
925,002418.SZ,康盛股份
926,002419.SZ,天虹股份
927,002420.SZ,毅昌科技
928,002421.SZ,达实智能
929,002422.SZ,科伦药业
930,002423.SZ,中粮资本
931,002424.SZ,贵州百灵
932,002425.SZ,凯撒文化
933,002426.SZ,胜利精密
934,002427.SZ,尤夫股份
935,002428.SZ,云南锗业
936,002429.SZ,兆驰股份
937,002430.SZ,杭氧股份
938,002431.SZ,棕榈股份
939,002432.SZ,九安医疗
941,002434.SZ,万里扬
942,002435.SZ,长江健康
943,002436.SZ,兴森科技
944,002437.SZ,誉衡药业
945,002438.SZ,江苏神通
946,002439.SZ,启明星辰
947,002440.SZ,闰土股份
948,002441.SZ,众业达
949,002442.SZ,龙星化工
950,002443.SZ,金洲管道
951,002444.SZ,巨星科技
952,002445.SZ,中南文化
953,002446.SZ,盛路通信
954,002448.SZ,中原内配
955,002449.SZ,国星光电
956,002451.SZ,摩恩电气
957,002452.SZ,长高电新
958,002453.SZ,华软科技
959,002454.SZ,松芝股份
960,002455.SZ,百川股份
961,002456.SZ,欧菲光
962,002457.SZ,青龙管业
963,002458.SZ,益生股份
964,002459.SZ,晶澳科技
965,002460.SZ,赣锋锂业
966,002461.SZ,珠江啤酒
967,002462.SZ,嘉事堂
968,002463.SZ,沪电股份
969,002465.SZ,海格通信
970,002466.SZ,天齐锂业
971,002467.SZ,二六三
972,002468.SZ,申通快递
973,002469.SZ,三维化学
974,002470.SZ,金正大
975,002471.SZ,中超控股
976,002472.SZ,双环传动
977,002474.SZ,榕基软件
978,002475.SZ,立讯精密
979,002476.SZ,宝莫股份
980,002478.SZ,常宝股份
981,002479.SZ,富春环保
982,002480.SZ,新筑股份
983,002481.SZ,双塔食品
985,002483.SZ,润邦股份
986,002484.SZ,江海股份
988,002486.SZ,嘉麟杰
989,002487.SZ,大金重工
990,002488.SZ,金固股份
991,002489.SZ,浙江永强
992,002490.SZ,山东墨龙
993,002491.SZ,通鼎互联
994,002492.SZ,恒基达鑫
995,002493.SZ,荣盛石化
996,002494.SZ,华斯股份
997,002495.SZ,佳隆股份
998,002496.SZ,辉丰股份
999,002497.SZ,雅化集团
1000,002498.SZ,汉缆股份
1001,002500.SZ,山西证券
1002,002501.SZ,利源股份
1004,002505.SZ,鹏都农牧
1005,002506.SZ,协鑫集成
1006,002507.SZ,涪陵榨菜
1007,002508.SZ,老板电器
1008,002510.SZ,天汽模
1009,002511.SZ,中顺洁柔
1010,002512.SZ,达华智能
1011,002513.SZ,蓝丰生化
1012,002514.SZ,宝馨科技
1013,002515.SZ,金字火腿
1014,002516.SZ,旷达科技
1015,002517.SZ,恺英网络
1016,002518.SZ,科士达
1017,002519.SZ,银河电子
1018,002520.SZ,日发精机
1019,002521.SZ,齐峰新材
1020,002522.SZ,浙江众成
1021,002523.SZ,天桥起重
1022,002524.SZ,光正眼科
1023,002526.SZ,山东矿机
1024,002527.SZ,新时达
1025,002528.SZ,英飞拓
1026,002529.SZ,海源复材
1027,002530.SZ,金财互联
1028,002531.SZ,天顺风能
1029,002532.SZ,天山铝业
1030,002533.SZ,金杯电工
1031,002534.SZ,西子洁能
1032,002535.SZ,林州重机
1033,002536.SZ,飞龙股份
1034,002537.SZ,海联金汇
1035,002538.SZ,司尔特
1036,002539.SZ,云图控股
1037,002540.SZ,亚太科技
1038,002541.SZ,鸿路钢构
1039,002542.SZ,中化岩土
1040,002543.SZ,万和电气
1041,002544.SZ,普天科技
1042,002545.SZ,东方铁塔
1043,002546.SZ,新联电子
1044,002547.SZ,春兴精工
1045,002548.SZ,金新农
1046,002549.SZ,凯美特气
1047,002550.SZ,千红制药
1048,002551.SZ,尚荣医疗
1049,002552.SZ,宝鼎科技
1050,002553.SZ,南方精工
1051,002554.SZ,惠博普
1052,002555.SZ,三七互娱
1053,002556.SZ,辉隆股份
1054,002557.SZ,洽洽食品
1055,002558.SZ,巨人网络
1056,002559.SZ,亚威股份
1057,002560.SZ,通达股份
1058,002561.SZ,徐家汇
1059,002562.SZ,兄弟科技
1060,002563.SZ,森马服饰
1062,002565.SZ,顺灏股份
1063,002566.SZ,益盛药业
1064,002567.SZ,唐人神
1065,002568.SZ,百润股份
1067,002570.SZ,贝因美
1068,002571.SZ,德力股份
1069,002572.SZ,索菲亚
1070,002573.SZ,清新环境
1071,002574.SZ,明牌珠宝
1072,002575.SZ,群兴玩具
1073,002576.SZ,通达动力
1074,002577.SZ,雷柏科技
1075,002578.SZ,闽发铝业
1076,002579.SZ,中京电子
1077,002580.SZ,圣阳股份
1078,002581.SZ,未名医药
1079,002582.SZ,好想你
1080,002583.SZ,海能达
1081,002584.SZ,西陇科学
1082,002585.SZ,双星新材
1084,002587.SZ,奥拓电子
1085,002588.SZ,史丹利
1086,002589.SZ,瑞康医药
1087,002590.SZ,万安科技
1088,002591.SZ,恒大高新
1090,002593.SZ,日上集团
1091,002594.SZ,比亚迪
1092,002595.SZ,豪迈科技
1093,002596.SZ,海南瑞泽
1094,002597.SZ,金禾实业
1095,002598.SZ,山东章鼓
1096,002599.SZ,盛通股份
1097,002600.SZ,领益智造
1098,002601.SZ,龙佰集团
1099,002602.SZ,世纪华通
1100,002603.SZ,以岭药业
1101,002605.SZ,姚记科技
1102,002606.SZ,大连电瓷
1103,002607.SZ,中公教育
1104,002608.SZ,江苏国信
1105,002609.SZ,捷顺科技
1106,002610.SZ,爱康科技
1107,002611.SZ,东方精工
1108,002612.SZ,朗姿股份
1109,002613.SZ,北玻股份
1110,002614.SZ,奥佳华
1111,002615.SZ,哈尔斯
1112,002616.SZ,长青集团
1113,002617.SZ,露笑科技
1114,002620.SZ,瑞和股份
1115,002621.SZ,美吉姆
1116,002622.SZ,皓宸医疗
1117,002623.SZ,亚玛顿
1118,002624.SZ,完美世界
1119,002625.SZ,光启技术
1120,002626.SZ,金达威
1121,002627.SZ,三峡旅游
1122,002628.SZ,成都路桥
1123,002629.SZ,仁智股份
1124,002630.SZ,华西能源
1125,002631.SZ,德尔未来
1126,002632.SZ,道明光学
1127,002633.SZ,申科股份
1128,002634.SZ,棒杰股份
1129,002635.SZ,安洁科技
1130,002636.SZ,金安国纪
1131,002637.SZ,赞宇科技
1132,002638.SZ,勤上股份
1133,002639.SZ,雪人股份
1134,002640.SZ,跨境通
1135,002641.SZ,公元股份
1136,002642.SZ,荣联科技
1137,002643.SZ,万润股份
1138,002644.SZ,佛慈制药
1139,002645.SZ,华宏科技
1140,002646.SZ,天佑德酒
1141,002647.SZ,仁东控股
1142,002648.SZ,卫星化学
1143,002649.SZ,博彦科技
1144,002650.SZ,加加食品
1145,002651.SZ,利君股份
1146,002652.SZ,扬子新材
1147,002653.SZ,海思科
1148,002654.SZ,万润科技
1149,002655.SZ,共达电声
1151,002657.SZ,中科金财
1152,002658.SZ,雪迪龙
1153,002659.SZ,凯文教育
1154,002660.SZ,茂硕电源
1155,002661.SZ,克明食品
1156,002662.SZ,京威股份
1157,002663.SZ,普邦股份
1158,002664.SZ,信质集团
1159,002665.SZ,首航高科
1160,002666.SZ,德联集团
1161,002667.SZ,威领股份
1162,002668.SZ,奥马电器
1163,002669.SZ,康达新材
1164,002670.SZ,国盛金控
1165,002671.SZ,龙泉股份
1166,002672.SZ,东江环保
1167,002673.SZ,西部证券
1168,002674.SZ,兴业科技
1169,002675.SZ,东诚药业
1170,002676.SZ,顺威股份
1171,002677.SZ,浙江美大
1172,002678.SZ,珠江钢琴
1173,002679.SZ,福建金森
1174,002681.SZ,奋达科技
1175,002682.SZ,龙洲股份
1176,002683.SZ,广东宏大
1177,002685.SZ,华东重机
1178,002686.SZ,亿利达
1179,002687.SZ,乔治白
1180,002688.SZ,金河生物
1181,002689.SZ,远大智能
1182,002690.SZ,美亚光电
1183,002691.SZ,冀凯股份
1184,002692.SZ,远程股份
1185,002693.SZ,双成药业
1186,002694.SZ,顾地科技
1187,002695.SZ,煌上煌
1188,002696.SZ,百洋股份
1189,002697.SZ,红旗连锁
1190,002698.SZ,博实股份
1193,002701.SZ,奥瑞金
1194,002702.SZ,海欣食品
1195,002703.SZ,浙江世宝
1196,002705.SZ,新宝股份
1197,002706.SZ,良信股份
1198,002707.SZ,众信旅游
1199,002708.SZ,光洋股份
1200,002709.SZ,天赐材料
1201,002712.SZ,思美传媒
1202,002713.SZ,东易日盛
1203,002714.SZ,牧原股份
1204,002715.SZ,登云股份
1205,002716.SZ,金贵银业
1206,002717.SZ,岭南股份
1207,002718.SZ,友邦吊顶
1208,002719.SZ,麦趣尔
1210,002722.SZ,物产金轮
1211,002723.SZ,小崧股份
1212,002724.SZ,海洋王
1213,002725.SZ,跃岭股份
1214,002726.SZ,龙大美食
1215,002727.SZ,一心堂
1216,002728.SZ,特一药业
1217,002729.SZ,好利科技
1218,002730.SZ,电光科技
1219,002731.SZ,萃华珠宝
1220,002732.SZ,燕塘乳业
1221,002733.SZ,雄韬股份
1222,002734.SZ,利民股份
1223,002735.SZ,王子新材
1224,002736.SZ,国信证券
1225,002737.SZ,葵花药业
1226,002738.SZ,中矿资源
1227,002739.SZ,万达电影
1229,002741.SZ,光华科技
1231,002743.SZ,富煌钢构
1232,002745.SZ,木林森
1233,002746.SZ,仙坛股份
1234,002747.SZ,埃斯顿
1235,002748.SZ,世龙实业
1236,002749.SZ,国光股份
1237,002750.SZ,龙津药业
1238,002752.SZ,昇兴股份
1239,002753.SZ,永东股份
1240,002755.SZ,奥赛康
1241,002756.SZ,永兴材料
1242,002757.SZ,南兴股份
1243,002758.SZ,浙农股份
1244,002759.SZ,天际股份
1245,002760.SZ,凤形股份
1246,002761.SZ,浙江建投
1247,002762.SZ,金发拉比
1248,002763.SZ,汇洁股份
1249,002765.SZ,蓝黛科技
1250,002766.SZ,索菱股份
1251,002767.SZ,先锋电子
1252,002768.SZ,国恩股份
1253,002769.SZ,普路通
1254,002771.SZ,真视通
1255,002772.SZ,众兴菌业
1256,002773.SZ,康弘药业
1257,002774.SZ,快意电梯
1258,002775.SZ,文科股份
1259,002777.SZ,久远银海
1260,002778.SZ,中晟高科
1261,002779.SZ,中坚科技
1262,002780.SZ,三夫户外
1263,002782.SZ,可立克
1264,002783.SZ,凯龙股份
1265,002785.SZ,万里石
1266,002786.SZ,银宝山新
1267,002787.SZ,华源控股
1268,002788.SZ,鹭燕医药
1269,002789.SZ,建艺集团
1270,002790.SZ,瑞尔特
1271,002791.SZ,坚朗五金
1272,002792.SZ,通宇通讯
1273,002793.SZ,罗欣药业
1274,002795.SZ,永和智控
1275,002796.SZ,世嘉科技
1276,002797.SZ,第一创业
1277,002798.SZ,帝欧家居
1278,002799.SZ,环球印务
1280,002801.SZ,微光股份
1281,002802.SZ,洪汇新材
1282,002803.SZ,吉宏股份
1283,002805.SZ,丰元股份
1284,002806.SZ,华锋股份
1285,002807.SZ,江阴银行
1287,002809.SZ,红墙股份
1288,002810.SZ,山东赫达
1289,002811.SZ,郑中设计
1290,002812.SZ,恩捷股份
1291,002813.SZ,路畅科技
1292,002815.SZ,崇达技术
1294,002817.SZ,黄山胶囊
1295,002818.SZ,富森美
1296,002819.SZ,东方中科
1297,002820.SZ,桂发祥
1298,002821.SZ,凯莱英
1299,002822.SZ,中装建设
1300,002823.SZ,凯中精密
1301,002824.SZ,和胜股份
1302,002825.SZ,纳尔股份
1303,002826.SZ,易明医药
1304,002827.SZ,高争民爆
1305,002828.SZ,贝肯能源
1306,002829.SZ,星网宇达
1307,002830.SZ,名雕股份
1308,002831.SZ,裕同科技
1309,002832.SZ,比音勒芬
1310,002833.SZ,弘亚数控
1311,002835.SZ,同为股份
1312,002836.SZ,新宏泽
1313,002837.SZ,英维克
1314,002838.SZ,道恩股份
1315,002839.SZ,张家港行
1316,002840.SZ,华统股份
1317,002841.SZ,视源股份
1318,002842.SZ,翔鹭钨业
1319,002843.SZ,泰嘉股份
1320,002845.SZ,同兴达
1321,002846.SZ,英联股份
1322,002847.SZ,盐津铺子
1323,002848.SZ,高斯贝尔
1324,002849.SZ,威星智能
1325,002850.SZ,科达利
1326,002851.SZ,麦格米特
1327,002852.SZ,道道全
1328,002853.SZ,皮阿诺
1329,002855.SZ,捷荣技术
1330,002856.SZ,美芝股份
1331,002857.SZ,三晖电气
1332,002858.SZ,力盛体育
1333,002859.SZ,洁美科技
1334,002860.SZ,星帅尔
1335,002861.SZ,瀛通通讯
1336,002862.SZ,实丰文化
1337,002863.SZ,今飞凯达
1338,002864.SZ,盘龙药业
1339,002865.SZ,钧达股份
1340,002866.SZ,传艺科技
1341,002867.SZ,周大生
1342,002868.SZ,绿康生化
1343,002869.SZ,金溢科技
1344,002870.SZ,香山股份
1345,002871.SZ,伟隆股份
1347,002873.SZ,新天药业
1348,002875.SZ,安奈儿
1349,002876.SZ,三利谱
1350,002877.SZ,智能自控
1351,002878.SZ,元隆雅图
1352,002879.SZ,长缆科技
1353,002880.SZ,卫光生物
1354,002881.SZ,美格智能
1355,002882.SZ,金龙羽
1356,002883.SZ,中设股份
1357,002884.SZ,凌霄泵业
1358,002885.SZ,京泉华
1359,002886.SZ,沃特股份
1360,002887.SZ,绿茵生态
1361,002888.SZ,惠威科技
1362,002889.SZ,东方嘉盛
1363,002890.SZ,弘宇股份
1364,002891.SZ,中宠股份
1365,002892.SZ,科力尔
1366,002893.SZ,京能热力
1367,002895.SZ,川恒股份
1368,002896.SZ,中大力德
1369,002897.SZ,意华股份
1370,002898.SZ,赛隆药业
1371,002899.SZ,英派斯
1372,002900.SZ,哈三联
1373,002901.SZ,大博医疗
1374,002902.SZ,铭普光磁
1375,002903.SZ,宇环数控
1376,002905.SZ,金逸影视
1377,002906.SZ,华阳集团
1378,002907.SZ,华森制药
1379,002908.SZ,德生科技
1380,002909.SZ,集泰股份
1381,002910.SZ,庄园牧场
1382,002911.SZ,佛燃能源
1383,002912.SZ,中新赛克
1384,002913.SZ,奥士康
1385,002915.SZ,中欣氟材
1386,002916.SZ,深南电路
1387,002917.SZ,金奥博
1388,002918.SZ,蒙娜丽莎
1389,002919.SZ,名臣健康
1390,002920.SZ,德赛西威
1391,002921.SZ,联诚精密
1392,002922.SZ,伊戈尔
1393,002923.SZ,润都股份
1394,002925.SZ,盈趣科技
1395,002926.SZ,华西证券
1396,002927.SZ,泰永长征
1397,002928.SZ,华夏航空
1398,002929.SZ,润建股份
1399,002930.SZ,宏川智慧
1400,002931.SZ,锋龙股份
1401,002932.SZ,明德生物
1402,002933.SZ,新兴装备
1403,002935.SZ,天奥电子
1404,002936.SZ,郑州银行
1405,002937.SZ,兴瑞科技
1406,002938.SZ,鹏鼎控股
1407,002939.SZ,长城证券
1408,002940.SZ,昂利康
1409,002941.SZ,新疆交建
1410,002942.SZ,新农股份
1411,002943.SZ,宇晶股份
1412,002945.SZ,华林证券
1413,002946.SZ,新乳业
1414,002947.SZ,恒铭达
1415,002948.SZ,青岛银行
1416,002949.SZ,华阳国际
1417,002950.SZ,奥美医疗
1419,002952.SZ,亚世光电
1420,002953.SZ,日丰股份
1421,002955.SZ,鸿合科技
1422,002956.SZ,西麦食品
1423,002957.SZ,科瑞技术
1424,002958.SZ,青农商行
1425,002959.SZ,小熊电器
1426,002960.SZ,青鸟消防
1427,002961.SZ,瑞达期货
1428,002962.SZ,五方光电
1429,002963.SZ,豪尔赛
1430,002965.SZ,祥鑫科技
1431,002966.SZ,苏州银行
1432,002967.SZ,广电计量
1433,002968.SZ,新大正
1434,002969.SZ,嘉美包装
1435,002970.SZ,锐明技术
1436,002971.SZ,和远气体
1437,002972.SZ,科安达
1438,002973.SZ,侨银股份
1439,002975.SZ,博杰股份
1440,002976.SZ,瑞玛精密
1441,002977.SZ,天箭科技
1442,002978.SZ,安宁股份
1443,002979.SZ,雷赛智能
1444,002980.SZ,华盛昌
1445,002981.SZ,朝阳科技
1446,002982.SZ,湘佳股份
1447,002983.SZ,芯瑞达
1448,002984.SZ,森麒麟
1449,002985.SZ,北摩高科
1450,002986.SZ,宇新股份
1451,002987.SZ,京北方
1452,002988.SZ,豪美新材
1453,002989.SZ,中天精装
1454,002990.SZ,盛视科技
1455,002991.SZ,甘源食品
1456,002992.SZ,宝明科技
1457,002993.SZ,奥海科技
1458,002995.SZ,天地在线
1459,002996.SZ,顺博合金
1460,002997.SZ,瑞鹄模具
1461,002998.SZ,优彩资源
1462,002999.SZ,天禾股份
1463,003000.SZ,劲仔食品
1464,003001.SZ,中岩大地
1465,003002.SZ,壶化股份
1466,003003.SZ,天元股份
1467,003004.SZ,声迅股份
1468,003005.SZ,竞业达
1469,003006.SZ,百亚股份
1470,003007.SZ,直真科技
1471,003008.SZ,开普检测
1472,003009.SZ,中天火箭
1473,003010.SZ,若羽臣
1474,003011.SZ,海象新材
1475,003012.SZ,东鹏控股
1476,003013.SZ,地铁设计
1477,003015.SZ,日久光电
1478,003016.SZ,欣贺股份
1479,003017.SZ,大洋生物
1480,003018.SZ,金富科技
1481,003019.SZ,宸展光电
1482,003020.SZ,立方制药
1483,003021.SZ,兆威机电
1484,003022.SZ,联泓新科
1485,003023.SZ,彩虹集团
1486,003025.SZ,思进智能
1487,003026.SZ,中晶科技
1488,003027.SZ,同兴环保
1489,003028.SZ,振邦智能
1490,003029.SZ,吉大正元
1491,003030.SZ,祖名股份
1492,003031.SZ,中瓷电子
1493,003032.SZ,传智教育
1494,003033.SZ,征和工业
1495,003035.SZ,南网能源
1496,003036.SZ,泰坦股份
1497,003037.SZ,三和管桩
1498,003038.SZ,鑫铂股份
1499,003039.SZ,顺控发展
1500,003040.SZ,楚天龙
1501,003041.SZ,真爱美家
1502,003042.SZ,中农联合
1503,003043.SZ,华亚智能
1504,003816.SZ,中国广核
1505,600000.SH,浦发银行
1506,600004.SH,白云机场
1507,600006.SH,东风汽车
1508,600007.SH,中国国贸
1509,600008.SH,首创环保
1510,600009.SH,上海机场
1511,600010.SH,包钢股份
1512,600011.SH,华能国际
1513,600012.SH,皖通高速
1514,600015.SH,华夏银行
1515,600016.SH,民生银行
1516,600017.SH,日照港
1517,600018.SH,上港集团
1518,600019.SH,宝钢股份
1519,600020.SH,中原高速
1520,600021.SH,上海电力
1521,600022.SH,山东钢铁
1522,600023.SH,浙能电力
1523,600025.SH,华能水电
1524,600026.SH,中远海能
1525,600027.SH,华电国际
1526,600028.SH,中国石化
1527,600029.SH,南方航空
1528,600030.SH,中信证券
1529,600031.SH,三一重工
1530,600032.SH,浙江新能
1531,600033.SH,福建高速
1532,600035.SH,楚天高速
1533,600036.SH,招商银行
1534,600037.SH,歌华有线
1535,600038.SH,中直股份
1536,600039.SH,四川路桥
1537,600048.SH,保利发展
1538,600050.SH,中国联通
1539,600051.SH,宁波联合
1540,600052.SH,东望时代
1541,600053.SH,九鼎投资
1542,600054.SH,黄山旅游
1543,600055.SH,万东医疗
1544,600056.SH,中国医药
1545,600057.SH,厦门象屿
1546,600058.SH,五矿发展
1547,600059.SH,古越龙山
1548,600060.SH,海信视像
1549,600061.SH,国投资本
1550,600062.SH,华润双鹤
1551,600063.SH,皖维高新
1552,600064.SH,南京高科
1553,600066.SH,宇通客车
1554,600067.SH,冠城大通
1556,600071.SH,凤凰光学
1557,600072.SH,中船科技
1558,600073.SH,上海梅林
1559,600075.SH,新疆天业
1560,600076.SH,康欣新材
1562,600079.SH,人福医药
1563,600080.SH,金花股份
1564,600081.SH,东风科技
1565,600082.SH,海泰发展
1566,600083.SH,博信股份
1567,600084.SH,中信尼雅
1568,600085.SH,同仁堂
1569,600088.SH,中视传媒
1570,600089.SH,特变电工
1571,600094.SH,大名城
1572,600095.SH,湘财股份
1573,600096.SH,云天化
1574,600097.SH,开创国际
1575,600098.SH,广州发展
1576,600099.SH,林海股份
1577,600100.SH,同方股份
1578,600101.SH,明星电力
1579,600103.SH,青山纸业
1580,600104.SH,上汽集团
1581,600105.SH,永鼎股份
1582,600106.SH,重庆路桥
1583,600107.SH,美尔雅
1584,600108.SH,亚盛集团
1585,600109.SH,国金证券
1586,600110.SH,诺德股份
1587,600111.SH,北方稀土
1589,600113.SH,浙江东日
1590,600114.SH,东睦股份
1591,600115.SH,中国东航
1592,600116.SH,三峡水利
1594,600118.SH,中国卫星
1595,600119.SH,长江投资
1596,600120.SH,浙江东方
1597,600121.SH,郑州煤电
1598,600123.SH,兰花科创
1599,600125.SH,铁龙物流
1600,600126.SH,杭钢股份
1601,600127.SH,金健米业
1602,600128.SH,苏豪弘业
1603,600129.SH,太极集团
1604,600130.SH,波导股份
1605,600131.SH,国网信通
1606,600132.SH,重庆啤酒
1607,600133.SH,东湖高新
1608,600135.SH,乐凯胶片
1610,600137.SH,浪莎股份
1611,600138.SH,中青旅
1612,600141.SH,兴发集团
1613,600143.SH,金发科技
1614,600148.SH,长春一东
1615,600149.SH,廊坊发展
1616,600150.SH,中国船舶
1617,600151.SH,航天机电
1618,600152.SH,维科技术
1619,600153.SH,建发股份
1620,600155.SH,华创云信
1621,600156.SH,华升股份
1622,600157.SH,永泰能源
1623,600158.SH,中体产业
1624,600159.SH,大龙地产
1625,600160.SH,巨化股份
1626,600161.SH,天坛生物
1627,600162.SH,香江控股
1628,600163.SH,中闽能源
1629,600165.SH,宁科生物
1630,600166.SH,福田汽车
1631,600167.SH,联美控股
1632,600168.SH,武汉控股
1633,600169.SH,太原重工
1634,600170.SH,上海建工
1635,600171.SH,上海贝岭
1636,600172.SH,黄河旋风
1637,600173.SH,卧龙地产
1638,600176.SH,中国巨石
1639,600177.SH,雅戈尔
1640,600178.SH,东安动力
1641,600179.SH,安通控股
1642,600180.SH,瑞茂通
1643,600182.SH,S佳通
1644,600183.SH,生益科技
1645,600184.SH,光电股份
1646,600185.SH,格力地产
1647,600186.SH,莲花健康
1648,600187.SH,国中水务
1649,600188.SH,兖矿能源
1650,600189.SH,泉阳泉
1651,600190.SH,锦州港
1652,600191.SH,华资实业
1653,600192.SH,长城电工
1654,600193.SH,创兴资源
1655,600195.SH,中牧股份
1656,600196.SH,复星医药
1657,600197.SH,伊力特
1658,600198.SH,大唐电信
1659,600199.SH,金种子酒
1660,600200.SH,江苏吴中
1661,600201.SH,生物股份
1662,600202.SH,哈空调
1663,600203.SH,福日电子
1664,600206.SH,有研新材
1665,600207.SH,安彩高科
1666,600208.SH,新湖中宝
1667,600210.SH,紫江企业
1668,600211.SH,西藏药业
1669,600212.SH,绿能慧充
1670,600213.SH,亚星客车
1671,600215.SH,派斯林
1672,600216.SH,浙江医药
1673,600217.SH,中再资环
1674,600218.SH,全柴动力
1675,600219.SH,南山铝业
1676,600220.SH,江苏阳光
1677,600221.SH,海航控股
1678,600222.SH,太龙药业
1679,600223.SH,福瑞达
1680,600225.SH,卓朗科技
1681,600226.SH,瀚叶股份
1682,600227.SH,赤天化
1683,600228.SH,返利科技
1684,600229.SH,城市传媒
1685,600230.SH,沧州大化
1686,600231.SH,凌钢股份
1687,600232.SH,金鹰股份
1688,600233.SH,圆通速递
1689,600234.SH,科新发展
1690,600235.SH,民丰特纸
1691,600236.SH,桂冠电力
1692,600237.SH,铜峰电子
1693,600238.SH,海南椰岛
1694,600239.SH,云南城投
1695,600241.SH,时代万恒
1696,600243.SH,青海华鼎
1697,600246.SH,万通发展
1698,600248.SH,陕建股份
1699,600249.SH,两面针
1700,600250.SH,南京商旅
1701,600251.SH,冠农股份
1702,600252.SH,中恒集团
1703,600255.SH,鑫科材料
1704,600256.SH,广汇能源
1705,600257.SH,大湖股份
1706,600258.SH,首旅酒店
1707,600259.SH,广晟有色
1708,600261.SH,阳光照明
1709,600262.SH,北方股份
1711,600266.SH,城建发展
1712,600267.SH,海正药业
1713,600268.SH,国电南自
1714,600269.SH,赣粤高速
1715,600271.SH,航天信息
1716,600272.SH,开开实业
1717,600273.SH,嘉化能源
1718,600276.SH,恒瑞医药
1719,600277.SH,亿利洁能
1720,600278.SH,东方创业
1721,600279.SH,重庆港
1722,600280.SH,中央商场
1723,600281.SH,华阳新材
1724,600282.SH,南钢股份
1725,600283.SH,钱江水利
1726,600284.SH,浦东建设
1727,600285.SH,羚锐制药
1728,600287.SH,江苏舜天
1729,600288.SH,大恒科技
1731,600292.SH,远达环保
1732,600293.SH,三峡新材
1733,600295.SH,鄂尔多斯
1734,600297.SH,广汇汽车
1735,600298.SH,安琪酵母
1736,600299.SH,安迪苏
1737,600300.SH,维维股份
1738,600301.SH,华锡有色
1739,600302.SH,标准股份
1741,600305.SH,恒顺醋业
1743,600307.SH,酒钢宏兴
1744,600308.SH,华泰股份
1745,600309.SH,万华化学
1746,600310.SH,广西能源
1747,600312.SH,平高电气
1748,600313.SH,农发种业
1749,600315.SH,上海家化
1750,600316.SH,洪都航空
1751,600318.SH,新力金融
1752,600319.SH,亚星化学
1753,600320.SH,振华重工
1754,600321.SH,正源股份
1755,600322.SH,津投城开
1756,600323.SH,瀚蓝环境
1757,600325.SH,华发股份
1758,600326.SH,西藏天路
1759,600327.SH,大东方
1760,600328.SH,中盐化工
1761,600329.SH,达仁堂
1762,600330.SH,天通股份
1763,600331.SH,宏达股份
1764,600332.SH,白云山
1765,600333.SH,长春燃气
1766,600335.SH,国机汽车
1767,600336.SH,澳柯玛
1768,600337.SH,美克家居
1769,600338.SH,西藏珠峰
1770,600339.SH,中油工程
1771,600340.SH,华夏幸福
1772,600343.SH,航天动力
1773,600345.SH,长江通信
1774,600346.SH,恒力石化
1775,600348.SH,华阳股份
1776,600350.SH,山东高速
1777,600351.SH,亚宝药业
1778,600352.SH,浙江龙盛
1779,600353.SH,旭光电子
1780,600354.SH,敦煌种业
1781,600355.SH,精伦电子
1782,600356.SH,恒丰纸业
1783,600358.SH,国旅联合
1784,600359.SH,新农开发
1785,600360.SH,华微电子
1786,600361.SH,创新新材
1787,600362.SH,江西铜业
1788,600363.SH,联创光电
1790,600366.SH,宁波韵升
1791,600367.SH,红星发展
1792,600368.SH,五洲交通
1793,600369.SH,西南证券
1794,600370.SH,三房巷
1795,600371.SH,万向德农
1796,600372.SH,中航机载
1797,600373.SH,中文传媒
1798,600375.SH,汉马科技
1799,600376.SH,首开股份
1800,600377.SH,宁沪高速
1801,600378.SH,昊华科技
1802,600379.SH,宝光股份
1803,600380.SH,健康元
1804,600381.SH,青海春天
1805,600382.SH,广东明珠
1806,600383.SH,金地集团
1807,600386.SH,北巴传媒
1809,600388.SH,龙净环保
1810,600389.SH,江山股份
1811,600390.SH,五矿资本
1812,600391.SH,航发科技
1813,600392.SH,盛和资源
1814,600395.SH,盘江股份
1816,600397.SH,安源煤业
1817,600398.SH,海澜之家
1818,600399.SH,抚顺特钢
1819,600400.SH,红豆股份
1820,600403.SH,大有能源
1821,600405.SH,动力源
1822,600406.SH,国电南瑞
1823,600408.SH,安泰集团
1824,600409.SH,三友化工
1825,600410.SH,华胜天成
1826,600415.SH,小商品城
1827,600416.SH,湘电股份
1828,600418.SH,江淮汽车
1829,600419.SH,天润乳业
1830,600420.SH,国药现代
1831,600421.SH,华嵘控股
1832,600422.SH,昆药集团
1833,600423.SH,柳化股份
1834,600425.SH,青松建化
1835,600426.SH,华鲁恒升
1836,600428.SH,中远海特
1837,600429.SH,三元股份
1838,600433.SH,冠豪高新
1839,600435.SH,北方导航
1840,600436.SH,片仔癀
1841,600438.SH,通威股份
1842,600439.SH,瑞贝卡
1843,600444.SH,国机通用
1844,600446.SH,金证股份
1845,600448.SH,华纺股份
1846,600449.SH,宁夏建材
1847,600452.SH,涪陵电力
1848,600455.SH,博通股份
1849,600456.SH,宝钛股份
1850,600458.SH,时代新材
1851,600459.SH,贵研铂业
1852,600460.SH,士兰微
1853,600461.SH,洪城环境
1855,600463.SH,空港股份
1856,600467.SH,好当家
1857,600468.SH,百利电气
1858,600469.SH,风神股份
1859,600470.SH,六国化工
1860,600475.SH,华光环能
1861,600476.SH,湘邮科技
1862,600477.SH,杭萧钢构
1863,600478.SH,科力远
1864,600479.SH,千金药业
1865,600480.SH,凌云股份
1866,600481.SH,双良节能
1867,600482.SH,中国动力
1868,600483.SH,福能股份
1869,600486.SH,扬农化工
1870,600487.SH,亨通光电
1871,600488.SH,津药药业
1872,600489.SH,中金黄金
1873,600490.SH,鹏欣资源
1874,600491.SH,龙元建设
1875,600493.SH,凤竹纺织
1876,600495.SH,晋西车轴
1877,600496.SH,精工钢构
1878,600497.SH,驰宏锌锗
1879,600498.SH,烽火通信
1880,600499.SH,科达制造
1881,600500.SH,中化国际
1882,600501.SH,航天晨光
1883,600502.SH,安徽建工
1884,600503.SH,华丽家族
1885,600505.SH,西昌电力
1886,600506.SH,统一股份
1887,600507.SH,方大特钢
1888,600508.SH,上海能源
1889,600509.SH,天富能源
1890,600510.SH,黑牡丹
1891,600511.SH,国药股份
1892,600512.SH,腾达建设
1893,600513.SH,联环药业
1894,600515.SH,海南机场
1895,600516.SH,方大炭素
1896,600517.SH,国网英大
1898,600519.SH,贵州茅台
1899,600520.SH,文一科技
1900,600521.SH,华海药业
1901,600522.SH,中天科技
1902,600523.SH,贵航股份
1903,600525.SH,长园集团
1904,600526.SH,菲达环保
1905,600527.SH,江南高纤
1906,600528.SH,中铁工业
1907,600529.SH,山东药玻
1909,600531.SH,豫光金铅
1910,600533.SH,栖霞建设
1911,600535.SH,天士力
1912,600536.SH,中国软件
1913,600537.SH,亿晶光电
1914,600538.SH,国发股份
1915,600539.SH,狮头股份
1916,600540.SH,新赛股份
1918,600545.SH,卓郎智能
1919,600546.SH,山煤国际
1920,600547.SH,山东黄金
1921,600548.SH,深高速
1922,600549.SH,厦门钨业
1923,600550.SH,保变电气
1924,600551.SH,时代出版
1925,600552.SH,凯盛科技
1926,600556.SH,天下秀
1927,600557.SH,康缘药业
1928,600558.SH,大西洋
1929,600559.SH,老白干酒
1930,600560.SH,金自天正
1931,600561.SH,江西长运
1932,600562.SH,国睿科技
1933,600563.SH,法拉电子
1934,600565.SH,迪马股份
1935,600566.SH,济川药业
1936,600567.SH,山鹰国际
1938,600569.SH,安阳钢铁
1939,600570.SH,恒生电子
1940,600571.SH,信雅达
1941,600572.SH,康恩贝
1942,600573.SH,惠泉啤酒
1943,600575.SH,淮河能源
1944,600576.SH,祥源文旅
1945,600577.SH,精达股份
1946,600578.SH,京能电力
1947,600579.SH,克劳斯
1948,600580.SH,卧龙电驱
1949,600581.SH,八一钢铁
1950,600582.SH,天地科技
1951,600583.SH,海油工程
1952,600584.SH,长电科技
1953,600585.SH,海螺水泥
1954,600586.SH,金晶科技
1955,600587.SH,新华医疗
1956,600588.SH,用友网络
1958,600590.SH,泰豪科技
1959,600592.SH,龙溪股份
1960,600593.SH,大连圣亚
1961,600594.SH,益佰制药
1962,600595.SH,中孚实业
1963,600596.SH,新安股份
1964,600597.SH,光明乳业
1965,600598.SH,北大荒
1967,600600.SH,青岛啤酒
1968,600601.SH,方正科技
1969,600602.SH,云赛智联
1970,600603.SH,广汇物流
1971,600604.SH,市北高新
1972,600605.SH,汇通能源
1973,600606.SH,绿地控股
1975,600609.SH,金杯汽车
1976,600610.SH,中毅达
1977,600611.SH,大众交通
1978,600612.SH,老凤祥
1979,600613.SH,神奇制药
1980,600615.SH,丰华股份
1981,600616.SH,金枫酒业
1982,600617.SH,国新能源
1983,600618.SH,氯碱化工
1984,600619.SH,海立股份
1985,600620.SH,天宸股份
1986,600621.SH,华鑫股份
1987,600622.SH,光大嘉宝
1988,600623.SH,华谊集团
1989,600624.SH,复旦复华
1990,600626.SH,申达股份
1991,600628.SH,新世界
1992,600629.SH,华建集团
1993,600630.SH,龙头股份
1994,600633.SH,浙数文化
1995,600635.SH,大众公用
1996,600636.SH,国新文化
1997,600637.SH,东方明珠
1998,600638.SH,新黄浦
1999,600639.SH,浦东金桥
2000,600640.SH,国脉文化
2001,600641.SH,万业企业
2002,600642.SH,申能股份
2003,600643.SH,爱建集团
2004,600644.SH,乐山电力
2005,600645.SH,中源协和
2007,600648.SH,外高桥
2008,600649.SH,城投控股
2009,600650.SH,锦江在线
2010,600651.SH,飞乐音响
2011,600653.SH,申华控股
2013,600655.SH,豫园股份
2014,600657.SH,信达地产
2015,600658.SH,电子城
2016,600660.SH,福耀玻璃
2017,600661.SH,昂立教育
2018,600662.SH,外服控股
2019,600663.SH,陆家嘴
2020,600664.SH,哈药股份
2021,600665.SH,天地源
2023,600667.SH,太极实业
2024,600668.SH,尖峰集团
2026,600673.SH,东阳光
2027,600674.SH,川投能源
2028,600675.SH,中华企业
2029,600676.SH,交运股份
2030,600678.SH,四川金顶
2031,600679.SH,上海凤凰
2032,600681.SH,百川能源
2033,600682.SH,南京新百
2034,600683.SH,京投发展
2035,600684.SH,珠江股份
2036,600685.SH,中船防务
2037,600686.SH,金龙汽车
2038,600688.SH,上海石化
2039,600689.SH,上海三毛
2040,600690.SH,海尔智家
2041,600691.SH,阳煤化工
2042,600692.SH,亚通股份
2043,600693.SH,东百集团
2044,600694.SH,大商股份
2045,600696.SH,岩石股份
2046,600697.SH,欧亚集团
2047,600698.SH,湖南天雁
2048,600699.SH,均胜电子
2049,600702.SH,舍得酒业
2050,600703.SH,三安光电
2051,600704.SH,物产中大
2052,600705.SH,中航产融
2053,600706.SH,曲江文旅
2054,600707.SH,彩虹股份
2055,600708.SH,光明地产
2056,600710.SH,苏美达
2057,600711.SH,盛屯矿业
2058,600712.SH,南宁百货
2059,600713.SH,南京医药
2060,600714.SH,金瑞矿业
2061,600715.SH,文投控股
2062,600716.SH,凤凰股份
2063,600717.SH,天津港
2064,600718.SH,东软集团
2065,600719.SH,大连热电
2066,600720.SH,中交设计
2067,600721.SH,百花医药
2068,600722.SH,金牛化工
2069,600724.SH,宁波富达
2070,600725.SH,云维股份
2071,600726.SH,华电能源
2072,600727.SH,鲁北化工
2073,600728.SH,佳都科技
2074,600729.SH,重庆百货
2075,600730.SH,中国高科
2076,600731.SH,湖南海利
2077,600732.SH,爱旭股份
2078,600733.SH,北汽蓝谷
2080,600735.SH,新华锦
2081,600736.SH,苏州高新
2082,600737.SH,中粮糖业
2083,600738.SH,丽尚国潮
2084,600739.SH,辽宁成大
2085,600740.SH,山西焦化
2086,600741.SH,华域汽车
2087,600742.SH,一汽富维
2088,600743.SH,华远地产
2089,600744.SH,华银电力
2090,600745.SH,闻泰科技
2091,600746.SH,江苏索普
2092,600748.SH,上实发展
2093,600749.SH,西藏旅游
2094,600750.SH,江中药业
2095,600751.SH,海航科技
2096,600753.SH,庚星股份
2097,600754.SH,锦江酒店
2098,600755.SH,厦门国贸
2099,600756.SH,浪潮软件
2100,600757.SH,长江传媒
2101,600758.SH,辽宁能源
2103,600760.SH,中航沈飞
2104,600761.SH,安徽合力
2105,600763.SH,通策医疗
2106,600764.SH,中国海防
2107,600765.SH,中航重机
2109,600768.SH,宁波富邦
2110,600769.SH,祥龙电业
2111,600770.SH,综艺股份
2112,600771.SH,广誉远
2113,600773.SH,西藏城投
2114,600774.SH,汉商集团
2115,600775.SH,南京熊猫
2116,600776.SH,东方通信
2117,600777.SH,新潮能源
2118,600778.SH,友好集团
2119,600779.SH,水井坊
2120,600780.SH,通宝能源
2121,600782.SH,新钢股份
2122,600783.SH,鲁信创投
2123,600784.SH,鲁银投资
2124,600785.SH,新华百货
2125,600787.SH,中储股份
2126,600789.SH,鲁抗医药
2127,600790.SH,轻纺城
2128,600791.SH,京能置业
2129,600792.SH,云煤能源
2130,600793.SH,宜宾纸业
2131,600794.SH,保税科技
2132,600795.SH,国电电力
2133,600796.SH,钱江生化
2134,600797.SH,浙大网新
2135,600798.SH,宁波海运
2136,600800.SH,渤海化学
2137,600801.SH,华新水泥
2138,600802.SH,福建水泥
2139,600803.SH,新奥股份
2141,600805.SH,悦达投资
2142,600807.SH,济南高新
2143,600808.SH,马钢股份
2144,600809.SH,山西汾酒
2145,600810.SH,神马股份
2146,600811.SH,东方集团
2147,600812.SH,华北制药
2148,600814.SH,杭州解百
2149,600815.SH,厦工股份
2150,600816.SH,建元信托
2151,600817.SH,宇通重工
2152,600818.SH,中路股份
2153,600819.SH,耀皮玻璃
2154,600820.SH,隧道股份
2155,600821.SH,金开新能
2156,600822.SH,上海物贸
2158,600824.SH,益民集团
2159,600825.SH,新华传媒
2160,600826.SH,兰生股份
2161,600827.SH,百联股份
2162,600828.SH,茂业商业
2163,600829.SH,人民同泰
2164,600830.SH,香溢融通
2165,600831.SH,广电网络
2166,600833.SH,第一医药
2167,600834.SH,申通地铁
2168,600835.SH,上海机电
2169,600836.SH,上海易连
2170,600837.SH,海通证券
2171,600838.SH,上海九百
2172,600839.SH,四川长虹
2173,600841.SH,动力新科
2174,600843.SH,上工申贝
2175,600844.SH,丹化科技
2176,600845.SH,宝信软件
2177,600846.SH,同济科技
2178,600847.SH,万里股份
2179,600848.SH,上海临港
2180,600850.SH,电科数字
2181,600851.SH,海欣股份
2182,600853.SH,龙建股份
2183,600854.SH,春兰股份
2184,600855.SH,航天长峰
2185,600857.SH,宁波中百
2186,600858.SH,银座股份
2187,600859.SH,王府井
2188,600860.SH,京城股份
2189,600861.SH,北京人力
2190,600862.SH,中航高科
2191,600863.SH,内蒙华电
2192,600864.SH,哈投股份
2193,600865.SH,百大集团
2194,600866.SH,星湖科技
2195,600867.SH,通化东宝
2196,600868.SH,梅雁吉祥
2197,600869.SH,远东股份
2198,600871.SH,石化油服
2199,600872.SH,中炬高新
2200,600873.SH,梅花生物
2201,600874.SH,创业环保
2202,600875.SH,东方电气
2203,600876.SH,凯盛新能
2204,600877.SH,电科芯片
2205,600879.SH,航天电子
2206,600880.SH,博瑞传播
2207,600881.SH,亚泰集团
2208,600882.SH,妙可蓝多
2209,600883.SH,博闻科技
2210,600884.SH,杉杉股份
2211,600885.SH,宏发股份
2212,600886.SH,国投电力
2213,600887.SH,伊利股份
2214,600888.SH,新疆众和
2215,600889.SH,南京化纤
2216,600892.SH,大晟文化
2217,600893.SH,航发动力
2218,600894.SH,广日股份
2219,600895.SH,张江高科
2220,600897.SH,厦门空港
2222,600900.SH,长江电力
2223,600901.SH,江苏金租
2224,600903.SH,贵州燃气
2225,600905.SH,三峡能源
2226,600906.SH,财达证券
2227,600908.SH,无锡银行
2228,600909.SH,华安证券
2229,600916.SH,中国黄金
2230,600917.SH,重庆燃气
2231,600918.SH,中泰证券
2232,600919.SH,江苏银行
2233,600925.SH,苏能股份
2234,600926.SH,杭州银行
2235,600927.SH,永安期货
2236,600928.SH,西安银行
2237,600929.SH,雪天盐业
2238,600933.SH,爱柯迪
2239,600935.SH,华塑股份
2240,600936.SH,广西广电
2241,600938.SH,中国海油
2242,600939.SH,重庆建工
2243,600941.SH,中国移动
2244,600955.SH,维远股份
2245,600956.SH,新天绿能
2246,600958.SH,东方证券
2247,600959.SH,江苏有线
2248,600960.SH,渤海汽车
2249,600961.SH,株冶集团
2250,600962.SH,国投中鲁
2251,600963.SH,岳阳林纸
2252,600965.SH,福成股份
2253,600966.SH,博汇纸业
2254,600967.SH,内蒙一机
2255,600968.SH,海油发展
2256,600969.SH,郴电国际
2257,600970.SH,中材国际
2258,600971.SH,恒源煤电
2259,600973.SH,宝胜股份
2260,600975.SH,新五丰
2261,600976.SH,健民集团
2262,600977.SH,中国电影
2263,600979.SH,广安爱众
2264,600980.SH,北矿科技
2265,600981.SH,汇鸿集团
2266,600982.SH,宁波能源
2267,600983.SH,惠而浦
2268,600984.SH,建设机械
2269,600985.SH,淮北矿业
2270,600986.SH,浙文互联
2271,600987.SH,航民股份
2272,600988.SH,赤峰黄金
2273,600989.SH,宝丰能源
2274,600990.SH,四创电子
2275,600992.SH,贵绳股份
2276,600993.SH,马应龙
2277,600995.SH,南网储能
2278,600996.SH,贵广网络
2279,600997.SH,开滦股份
2280,600998.SH,九州通
2281,600999.SH,招商证券
2282,601000.SH,唐山港
2283,601001.SH,晋控煤业
2284,601002.SH,晋亿实业
2285,601003.SH,柳钢股份
2286,601005.SH,重庆钢铁
2287,601006.SH,大秦铁路
2288,601007.SH,金陵饭店
2289,601008.SH,连云港
2290,601009.SH,南京银行
2291,601010.SH,文峰股份
2292,601011.SH,宝泰隆
2293,601012.SH,隆基绿能
2294,601015.SH,陕西黑猫
2295,601016.SH,节能风电
2296,601018.SH,宁波港
2297,601019.SH,山东出版
2298,601020.SH,华钰矿业
2299,601021.SH,春秋航空
2300,601022.SH,宁波远洋
2301,601028.SH,玉龙股份
2302,601033.SH,永兴股份
2303,601038.SH,一拖股份
2304,601058.SH,赛轮轮胎
2305,601059.SH,信达证券
2306,601061.SH,中信金属
2307,601065.SH,江盐集团
2308,601066.SH,中信建投
2309,601068.SH,中铝国际
2310,601069.SH,西部黄金
2311,601077.SH,渝农商行
2312,601083.SH,锦江航运
2313,601086.SH,国芳集团
2314,601088.SH,中国神华
2315,601089.SH,福元医药
2316,601096.SH,宏盛华源
2317,601098.SH,中南传媒
2318,601099.SH,太平洋
2319,601100.SH,恒立液压
2320,601101.SH,昊华能源
2321,601106.SH,中国一重
2322,601107.SH,四川成渝
2323,601108.SH,财通证券
2324,601111.SH,中国国航
2325,601113.SH,华鼎股份
2326,601116.SH,三江购物
2327,601117.SH,中国化学
2328,601118.SH,海南橡胶
2329,601121.SH,宝地矿业
2330,601126.SH,四方股份
2331,601127.SH,赛力斯
2332,601128.SH,常熟银行
2333,601133.SH,柏诚股份
2334,601136.SH,首创证券
2335,601137.SH,博威合金
2336,601138.SH,工业富联
2337,601139.SH,深圳燃气
2338,601155.SH,新城控股
2339,601156.SH,东航物流
2340,601158.SH,重庆水务
2341,601162.SH,天风证券
2342,601163.SH,三角轮胎
2343,601166.SH,兴业银行
2344,601168.SH,西部矿业
2345,601169.SH,北京银行
2346,601177.SH,杭齿前进
2347,601179.SH,中国西电
2348,601186.SH,中国铁建
2349,601187.SH,厦门银行
2350,601188.SH,龙江交通
2351,601198.SH,东兴证券
2352,601199.SH,江南水务
2353,601200.SH,上海环境
2354,601208.SH,东材科技
2355,601211.SH,国泰君安
2356,601212.SH,白银有色
2357,601216.SH,君正集团
2358,601218.SH,吉鑫科技
2359,601222.SH,林洋能源
2360,601225.SH,陕西煤业
2361,601226.SH,华电重工
2362,601228.SH,广州港
2363,601229.SH,上海银行
2364,601231.SH,环旭电子
2365,601233.SH,桐昆股份
2366,601236.SH,红塔证券
2367,601238.SH,广汽集团
2368,601279.SH,英利汽车
2369,601288.SH,农业银行
2370,601298.SH,青岛港
2371,601311.SH,骆驼股份
2372,601318.SH,中国平安
2373,601319.SH,中国人保
2374,601326.SH,秦港股份
2375,601328.SH,交通银行
2376,601330.SH,绿色动力
2377,601333.SH,广深铁路
2378,601336.SH,新华保险
2379,601339.SH,百隆东方
2380,601360.SH,三六零
2381,601366.SH,利群股份
2382,601368.SH,绿城水务
2383,601369.SH,陕鼓动力
2384,601375.SH,中原证券
2385,601377.SH,兴业证券
2386,601388.SH,怡球资源
2387,601390.SH,中国中铁
2388,601398.SH,工商银行
2389,601399.SH,国机重装
2390,601456.SH,国联证券
2391,601500.SH,通用股份
2392,601512.SH,中新集团
2393,601515.SH,东峰集团
2394,601518.SH,吉林高速
2395,601519.SH,大智慧
2396,601528.SH,瑞丰银行
2397,601555.SH,东吴证券
2398,601566.SH,九牧王
2399,601567.SH,三星医疗
2400,601568.SH,北元集团
2401,601577.SH,长沙银行
2402,601579.SH,会稽山
2403,601588.SH,北辰实业
2404,601595.SH,上海电影
2405,601598.SH,中国外运
2406,601599.SH,浙文影业
2407,601600.SH,中国铝业
2408,601601.SH,中国太保
2409,601606.SH,长城军工
2410,601607.SH,上海医药
2411,601608.SH,中信重工
2412,601609.SH,金田股份
2413,601611.SH,中国核建
2414,601615.SH,明阳智能
2415,601616.SH,广电电气
2416,601618.SH,中国中冶
2417,601619.SH,嘉泽新能
2418,601628.SH,中国人寿
2419,601633.SH,长城汽车
2420,601636.SH,旗滨集团
2421,601658.SH,邮储银行
2422,601665.SH,齐鲁银行
2423,601666.SH,平煤股份
2424,601668.SH,中国建筑
2425,601669.SH,中国电建
2426,601677.SH,明泰铝业
2427,601678.SH,滨化股份
2428,601686.SH,友发集团
2429,601688.SH,华泰证券
2430,601689.SH,拓普集团
2431,601696.SH,中银证券
2432,601698.SH,中国卫通
2433,601699.SH,潞安环能
2434,601700.SH,风范股份
2435,601702.SH,华峰铝业
2436,601717.SH,郑煤机
2437,601718.SH,际华集团
2438,601727.SH,上海电气
2439,601728.SH,中国电信
2440,601766.SH,中国中车
2441,601777.SH,力帆科技
2442,601778.SH,晶科科技
2443,601788.SH,光大证券
2444,601789.SH,宁波建工
2445,601798.SH,蓝科高新
2446,601799.SH,星宇股份
2447,601800.SH,中国交建
2448,601801.SH,皖新传媒
2449,601808.SH,中海油服
2450,601811.SH,新华文轩
2451,601816.SH,京沪高铁
2452,601818.SH,光大银行
2453,601825.SH,沪农商行
2454,601827.SH,三峰环境
2455,601828.SH,美凯龙
2456,601838.SH,成都银行
2457,601857.SH,中国石油
2458,601858.SH,中国科传
2459,601860.SH,紫金银行
2460,601865.SH,福莱特
2461,601866.SH,中远海发
2462,601868.SH,中国能建
2463,601869.SH,长飞光纤
2464,601872.SH,招商轮船
2465,601877.SH,正泰电器
2466,601878.SH,浙商证券
2467,601880.SH,辽港股份
2468,601881.SH,中国银河
2469,601882.SH,海天精工
2470,601886.SH,江河集团
2471,601888.SH,中国中免
2472,601890.SH,亚星锚链
2473,601898.SH,中煤能源
2474,601899.SH,紫金矿业
2475,601900.SH,南方传媒
2476,601901.SH,方正证券
2477,601908.SH,京运通
2478,601916.SH,浙商银行
2479,601918.SH,新集能源
2480,601919.SH,中远海控
2481,601921.SH,浙版传媒
2482,601928.SH,凤凰传媒
2483,601929.SH,吉视传媒
2484,601933.SH,永辉超市
2485,601939.SH,建设银行
2486,601949.SH,中国出版
2487,601952.SH,苏垦农发
2488,601956.SH,东贝集团
2489,601958.SH,金钼股份
2490,601963.SH,重庆银行
2491,601965.SH,中国汽研
2492,601966.SH,玲珑轮胎
2493,601968.SH,宝钢包装
2494,601969.SH,海南矿业
2495,601975.SH,招商南油
2496,601985.SH,中国核电
2497,601988.SH,中国银行
2498,601989.SH,中国重工
2499,601990.SH,南京证券
2500,601991.SH,大唐发电
2501,601992.SH,金隅集团
2502,601995.SH,中金公司
2503,601996.SH,丰林集团
2504,601997.SH,贵阳银行
2505,601998.SH,中信银行
2506,601999.SH,出版传媒
2507,603000.SH,人民网
2509,603002.SH,宏昌电子
2510,603003.SH,龙宇股份
2511,603004.SH,鼎龙科技
2512,603005.SH,晶方科技
2513,603006.SH,联明股份
2515,603008.SH,喜临门
2516,603009.SH,北特科技
2517,603010.SH,万盛股份
2518,603011.SH,合锻智能
2519,603012.SH,创力集团
2520,603013.SH,亚普股份
2521,603015.SH,弘讯科技
2522,603016.SH,新宏泰
2523,603017.SH,中衡设计
2524,603018.SH,华设集团
2525,603019.SH,中科曙光
2526,603020.SH,爱普股份
2527,603021.SH,山东华鹏
2528,603022.SH,新通联
2529,603023.SH,威帝股份
2530,603025.SH,大豪科技
2531,603026.SH,胜华新材
2532,603027.SH,千禾味业
2533,603028.SH,赛福天
2534,603029.SH,天鹅股份
2536,603031.SH,安孚科技
2537,603032.SH,德新科技
2538,603033.SH,三维股份
2539,603035.SH,常熟汽饰
2540,603036.SH,如通股份
2541,603037.SH,凯众股份
2542,603038.SH,华立股份
2543,603039.SH,泛微网络
2544,603040.SH,新坐标
2545,603041.SH,美思德
2546,603042.SH,华脉科技
2547,603043.SH,广州酒家
2548,603045.SH,福达合金
2549,603048.SH,浙江黎明
2550,603050.SH,科林电气
2551,603051.SH,鹿山新材
2552,603052.SH,可川科技
2553,603053.SH,成都燃气
2554,603055.SH,台华新材
2555,603056.SH,德邦股份
2556,603057.SH,紫燕食品
2557,603058.SH,永吉股份
2558,603059.SH,倍加洁
2559,603060.SH,国检集团
2560,603061.SH,金海通
2561,603062.SH,麦加芯彩
2562,603063.SH,禾望电气
2563,603065.SH,宿迁联盛
2564,603066.SH,音飞储存
2565,603067.SH,振华股份
2566,603068.SH,博通集成
2567,603069.SH,海汽集团
2568,603070.SH,万控智造
2569,603071.SH,物产环能
2570,603073.SH,彩蝶实业
2571,603075.SH,热威股份
2572,603076.SH,乐惠国际
2573,603077.SH,和邦生物
2574,603078.SH,江化微
2575,603079.SH,圣达生物
2576,603080.SH,新疆火炬
2577,603081.SH,大丰实业
2578,603082.SH,北自科技
2579,603083.SH,剑桥科技
2580,603085.SH,天成自控
2581,603086.SH,先达股份
2582,603087.SH,甘李药业
2583,603088.SH,宁波精达
2584,603089.SH,正裕工业
2585,603090.SH,宏盛股份
2586,603093.SH,南华期货
2587,603095.SH,越剑智能
2588,603096.SH,新经典
2589,603097.SH,江苏华辰
2590,603098.SH,森特股份
2591,603099.SH,长白山
2592,603100.SH,川仪股份
2593,603101.SH,汇嘉时代
2594,603102.SH,百合股份
2595,603103.SH,横店影视
2596,603105.SH,芯能科技
2597,603106.SH,恒银科技
2598,603107.SH,上海汽配
2599,603108.SH,润达医疗
2600,603109.SH,神驰机电
2601,603110.SH,东方材料
2602,603111.SH,康尼机电
2603,603112.SH,华翔股份
2604,603113.SH,金能科技
2605,603115.SH,海星股份
2606,603116.SH,红蜻蜓
2608,603118.SH,共进股份
2609,603119.SH,浙江荣泰
2610,603121.SH,华培动力
2611,603122.SH,合富中国
2612,603123.SH,翠微股份
2613,603125.SH,常青科技
2614,603126.SH,中材节能
2615,603127.SH,昭衍新药
2616,603128.SH,华贸物流
2617,603129.SH,春风动力
2618,603130.SH,云中马
2619,603131.SH,上海沪工
2620,603132.SH,金徽股份
2622,603135.SH,中重科技
2623,603136.SH,天目湖
2624,603137.SH,恒尚节能
2625,603138.SH,海量数据
2626,603139.SH,康惠制药
2627,603150.SH,万朗磁塑
2628,603151.SH,邦基科技
2629,603153.SH,上海建科
2630,603155.SH,新亚强
2631,603156.SH,养元饮品
2632,603158.SH,腾龙股份
2633,603159.SH,上海亚虹
2634,603160.SH,汇顶科技
2635,603161.SH,科华控股
2636,603162.SH,海通发展
2637,603163.SH,圣晖集成
2638,603165.SH,荣晟环保
2639,603166.SH,福达股份
2640,603167.SH,渤海轮渡
2641,603168.SH,莎普爱思
2642,603169.SH,兰石重装
2643,603170.SH,宝立食品
2644,603171.SH,税友股份
2645,603172.SH,万丰股份
2646,603173.SH,福斯达
2647,603176.SH,汇通集团
2648,603177.SH,德创环保
2649,603178.SH,圣龙股份
2650,603179.SH,新泉股份
2651,603180.SH,金牌厨柜
2652,603181.SH,皇马科技
2653,603182.SH,嘉华股份
2654,603183.SH,建研院
2655,603185.SH,弘元绿能
2656,603186.SH,华正新材
2657,603187.SH,海容冷链
2658,603188.SH,亚邦股份
2659,603189.SH,网达软件
2660,603190.SH,亚通精工
2661,603191.SH,望变电气
2662,603192.SH,汇得科技
2663,603193.SH,润本股份
2664,603195.SH,公牛集团
2665,603196.SH,日播时尚
2666,603197.SH,保隆科技
2667,603198.SH,迎驾贡酒
2668,603199.SH,九华旅游
2669,603200.SH,上海洗霸
2670,603201.SH,常润股份
2671,603203.SH,快克智能
2672,603206.SH,嘉环科技
2673,603208.SH,江山欧派
2674,603209.SH,兴通股份
2675,603211.SH,晋拓股份
2676,603212.SH,赛伍技术
2677,603213.SH,镇洋发展
2678,603214.SH,爱婴室
2679,603215.SH,比依股份
2680,603216.SH,梦天家居
2681,603217.SH,元利科技
2682,603218.SH,日月股份
2683,603219.SH,富佳股份
2684,603220.SH,中贝通信
2685,603221.SH,爱丽家居
2686,603222.SH,济民医疗
2687,603223.SH,恒通股份
2688,603225.SH,新凤鸣
2689,603226.SH,菲林格尔
2690,603227.SH,雪峰科技
2691,603228.SH,景旺电子
2692,603229.SH,奥翔药业
2693,603230.SH,内蒙新华
2694,603231.SH,索宝蛋白
2695,603232.SH,格尔软件
2696,603233.SH,大参林
2697,603235.SH,天新药业
2698,603236.SH,移远通信
2699,603237.SH,五芳斋
2700,603238.SH,诺邦股份
2701,603239.SH,浙江仙通
2702,603255.SH,鼎际得
2703,603256.SH,宏和科技
2704,603258.SH,电魂网络
2705,603259.SH,药明康德
2706,603260.SH,合盛硅业
2707,603261.SH,立航科技
2708,603266.SH,天龙股份
2709,603267.SH,鸿远电子
2710,603268.SH,松发股份
2711,603269.SH,海鸥股份
2712,603270.SH,金帝股份
2713,603272.SH,联翔股份
2714,603273.SH,天元智能
2715,603275.SH,众辰科技
2716,603276.SH,恒兴新材
2717,603277.SH,银都股份
2718,603278.SH,大业股份
2719,603279.SH,景津装备
2720,603280.SH,南方路机
2721,603281.SH,江瀚新材
2722,603282.SH,亚光股份
2723,603283.SH,赛腾股份
2724,603286.SH,日盈电子
2725,603288.SH,海天味业
2726,603289.SH,泰瑞机器
2727,603290.SH,斯达半导
2728,603291.SH,联合水务
2729,603296.SH,华勤技术
2730,603297.SH,永新光学
2731,603298.SH,杭叉集团
2732,603299.SH,苏盐井神
2733,603300.SH,华铁应急
2734,603301.SH,振德医疗
2735,603303.SH,得邦照明
2736,603305.SH,旭升集团
2737,603306.SH,华懋科技
2738,603307.SH,扬州金泉
2739,603308.SH,应流股份
2740,603309.SH,维力医疗
2741,603311.SH,金海高科
2742,603312.SH,西典新能
2743,603313.SH,梦百合
2744,603315.SH,福鞍股份
2745,603316.SH,诚邦股份
2746,603317.SH,天味食品
2747,603318.SH,水发燃气
2748,603319.SH,湘油泵
2749,603320.SH,迪贝电气
2750,603321.SH,梅轮电梯
2751,603322.SH,超讯通信
2752,603323.SH,苏农银行
2753,603324.SH,盛剑环境
2754,603325.SH,博隆技术
2755,603326.SH,我乐家居
2756,603327.SH,福蓉科技
2757,603328.SH,依顿电子
2758,603329.SH,上海雅仕
2759,603330.SH,天洋新材
2760,603331.SH,百达精工
2761,603332.SH,苏州龙杰
2762,603333.SH,尚纬股份
2763,603335.SH,迪生力
2764,603336.SH,宏辉果蔬
2765,603337.SH,杰克股份
2766,603338.SH,浙江鼎力
2767,603339.SH,四方科技
2768,603345.SH,安井食品
2769,603348.SH,文灿股份
2770,603351.SH,威尔药业
2771,603353.SH,和顺石油
2772,603355.SH,莱克电气
2773,603356.SH,华菱精工
2774,603357.SH,设计总院
2775,603358.SH,华达科技
2776,603359.SH,东珠生态
2777,603360.SH,百傲化学
2778,603363.SH,傲农生物
2779,603365.SH,水星家纺
2780,603366.SH,日出东方
2781,603367.SH,辰欣药业
2782,603368.SH,柳药集团
2783,603369.SH,今世缘
2784,603373.SH,安邦护卫
2785,603375.SH,盛景微
2786,603377.SH,东方时尚
2787,603378.SH,亚士创能
2788,603379.SH,三美股份
2789,603380.SH,易德龙
2790,603383.SH,顶点软件
2791,603385.SH,惠达卫浴
2792,603386.SH,骏亚科技
2793,603387.SH,基蛋生物
2794,603388.SH,元成股份
2795,603389.SH,亚振家居
2796,603390.SH,通达电气
2797,603392.SH,万泰生物
2798,603393.SH,新天然气
2799,603396.SH,金辰股份
2800,603398.SH,沐邦高科
2801,603399.SH,吉翔股份
2802,603408.SH,建霖家居
2803,603416.SH,信捷电气
2804,603421.SH,鼎信通讯
2805,603429.SH,集友股份
2806,603439.SH,贵州三力
2807,603444.SH,吉比特
2808,603456.SH,九洲药业
2809,603458.SH,勘设股份
2810,603466.SH,风语筑
2811,603477.SH,巨星农牧
2812,603486.SH,科沃斯
2813,603488.SH,展鹏科技
2814,603489.SH,八方股份
2815,603496.SH,恒为科技
2816,603499.SH,翔港科技
2817,603500.SH,祥和实业
2818,603501.SH,韦尔股份
2819,603505.SH,金石资源
2820,603506.SH,南都物业
2821,603507.SH,振江股份
2822,603508.SH,思维列控
2823,603511.SH,爱慕股份
2824,603515.SH,欧普照明
2825,603516.SH,淳中科技
2826,603517.SH,绝味食品
2827,603518.SH,锦泓集团
2828,603519.SH,立霸股份
2829,603520.SH,司太立
2830,603527.SH,众源新材
2831,603528.SH,多伦科技
2832,603529.SH,爱玛科技
2833,603530.SH,神马电力
2834,603533.SH,掌阅科技
2835,603535.SH,嘉诚国际
2836,603536.SH,惠发食品
2837,603538.SH,美诺华
2838,603551.SH,奥普家居
2840,603556.SH,海兴电力
2842,603558.SH,健盛集团
2844,603565.SH,中谷物流
2845,603566.SH,普莱柯
2846,603567.SH,珍宝岛
2847,603568.SH,伟明环保
2848,603569.SH,长久物流
2849,603577.SH,汇金通
2850,603578.SH,三星新材
2851,603579.SH,荣泰健康
2852,603580.SH,艾艾精工
2853,603583.SH,捷昌驱动
2854,603585.SH,苏利股份
2855,603586.SH,金麒麟
2856,603587.SH,地素时尚
2857,603588.SH,高能环境
2858,603589.SH,口子窖
2859,603590.SH,康辰药业
2860,603595.SH,东尼电子
2861,603596.SH,伯特利
2862,603598.SH,引力传媒
2863,603599.SH,广信股份
2864,603600.SH,永艺股份
2865,603601.SH,再升科技
2866,603602.SH,纵横通信
2868,603605.SH,珀莱雅
2869,603606.SH,东方电缆
2870,603607.SH,京华激光
2871,603608.SH,天创时尚
2872,603609.SH,禾丰股份
2873,603610.SH,麒盛科技
2874,603611.SH,诺力股份
2875,603612.SH,索通发展
2876,603613.SH,国联股份
2877,603615.SH,茶花股份
2878,603616.SH,韩建河山
2879,603617.SH,君禾股份
2880,603618.SH,杭电股份
2881,603619.SH,中曼石油
2882,603626.SH,科森科技
2883,603628.SH,清源股份
2884,603629.SH,利通电子
2885,603630.SH,拉芳家化
2886,603633.SH,徕木股份
2887,603636.SH,南威软件
2888,603637.SH,镇海股份
2889,603638.SH,艾迪精密
2890,603639.SH,海利尔
2891,603648.SH,畅联股份
2892,603650.SH,彤程新材
2893,603655.SH,朗博科技
2894,603656.SH,泰禾智能
2895,603657.SH,春光科技
2896,603658.SH,安图生物
2897,603659.SH,璞泰来
2898,603660.SH,苏州科达
2899,603661.SH,恒林股份
2900,603662.SH,柯力传感
2901,603663.SH,三祥新材
2902,603665.SH,康隆达
2903,603666.SH,亿嘉和
2904,603667.SH,五洲新春
2905,603668.SH,天马科技
2906,603669.SH,灵康药业
2907,603676.SH,卫信康
2908,603677.SH,奇精机械
2909,603678.SH,火炬电子
2910,603679.SH,华体科技
2911,603680.SH,今创集团
2912,603681.SH,永冠新材
2913,603682.SH,锦和商管
2914,603683.SH,晶华新材
2915,603685.SH,晨丰科技
2916,603686.SH,福龙马
2917,603687.SH,大胜达
2918,603688.SH,石英股份
2919,603689.SH,皖天然气
2920,603690.SH,至纯科技
2921,603693.SH,江苏新能
2922,603696.SH,安记食品
2923,603697.SH,有友食品
2924,603698.SH,航天工程
2925,603699.SH,纽威股份
2926,603700.SH,宁水集团
2927,603701.SH,德宏股份
2928,603703.SH,盛洋科技
2929,603706.SH,东方环宇
2930,603707.SH,健友股份
2931,603708.SH,家家悦
2932,603709.SH,中源家居
2933,603711.SH,香飘飘
2934,603712.SH,七一二
2935,603713.SH,密尔克卫
2936,603716.SH,塞力医疗
2937,603717.SH,天域生态
2938,603718.SH,海利生物
2939,603719.SH,良品铺子
2940,603721.SH,中广天择
2941,603722.SH,阿科力
2942,603725.SH,天安新材
2943,603726.SH,朗迪集团
2944,603727.SH,博迈科
2945,603728.SH,鸣志电器
2946,603729.SH,龙韵股份
2947,603730.SH,岱美股份
2948,603733.SH,仙鹤股份
2949,603737.SH,三棵树
2950,603738.SH,泰晶科技
2951,603739.SH,蔚蓝生物
2952,603755.SH,日辰股份
2953,603757.SH,大元泵业
2954,603758.SH,秦安股份
2955,603759.SH,海天股份
2956,603766.SH,隆鑫通用
2957,603767.SH,中马传动
2958,603768.SH,常青股份
2959,603773.SH,沃格光电
2960,603776.SH,永安行
2961,603777.SH,来伊份
2962,603778.SH,国晟科技
2963,603779.SH,威龙股份
2964,603786.SH,科博达
2965,603787.SH,新日股份
2966,603788.SH,宁波高发
2967,603789.SH,星光农机
2968,603790.SH,雅运股份
2969,603797.SH,联泰环保
2970,603798.SH,康普顿
2971,603799.SH,华友钴业
2972,603800.SH,道森股份
2973,603801.SH,志邦家居
2974,603803.SH,瑞斯康达
2975,603806.SH,福斯特
2976,603808.SH,歌力思
2977,603809.SH,豪能股份
2978,603810.SH,丰山集团
2979,603811.SH,诚意药业
2980,603813.SH,原尚股份
2981,603815.SH,交建股份
2982,603816.SH,顾家家居
2983,603817.SH,海峡环保
2984,603818.SH,曲美家居
2985,603819.SH,神力股份
2986,603822.SH,嘉澳环保
2987,603823.SH,百合花
2988,603825.SH,华扬联众
2989,603826.SH,坤彩科技
2990,603828.SH,柯利达
2991,603829.SH,洛凯股份
2992,603833.SH,欧派家居
2993,603836.SH,海程邦达
2994,603838.SH,四通股份
2995,603839.SH,安正时尚
2996,603843.SH,正平股份
2997,603848.SH,好太太
2998,603855.SH,华荣股份
2999,603856.SH,东宏股份
3000,603858.SH,步长制药
3001,603859.SH,能科科技
3002,603860.SH,中公高科
3003,603861.SH,白云电器
3004,603863.SH,松炀资源
3005,603866.SH,桃李面包
3006,603867.SH,新化股份
3007,603868.SH,飞科电器
3008,603869.SH,新智认知
3009,603871.SH,嘉友国际
3010,603876.SH,鼎胜新材
3011,603877.SH,太平鸟
3012,603878.SH,武进不锈
3013,603879.SH,永悦科技
3015,603881.SH,数据港
3016,603882.SH,金域医学
3017,603883.SH,老百姓
3018,603885.SH,吉祥航空
3019,603886.SH,元祖股份
3020,603887.SH,城地香江
3021,603888.SH,新华网
3022,603889.SH,新澳股份
3023,603890.SH,春秋电子
3024,603893.SH,瑞芯微
3025,603895.SH,天永智能
3026,603896.SH,寿仙谷
3027,603897.SH,长城科技
3028,603898.SH,好莱客
3029,603899.SH,晨光股份
3030,603900.SH,莱绅通灵
3031,603901.SH,永创智能
3032,603903.SH,中持股份
3033,603906.SH,龙蟠科技
3034,603908.SH,牧高笛
3035,603909.SH,建发合诚
3036,603912.SH,佳力图
3037,603915.SH,国茂股份
3038,603916.SH,苏博特
3039,603917.SH,合力科技
3040,603918.SH,金桥信息
3041,603919.SH,金徽酒
3042,603920.SH,世运电路
3043,603922.SH,金鸿顺
3044,603926.SH,铁流股份
3045,603927.SH,中科软
3046,603928.SH,兴业股份
3047,603929.SH,亚翔集成
3048,603931.SH,格林达
3049,603933.SH,睿能科技
3050,603936.SH,博敏电子
3051,603937.SH,丽岛新材
3052,603938.SH,三孚股份
3053,603939.SH,益丰药房
3054,603948.SH,建业股份
3055,603949.SH,雪龙集团
3056,603950.SH,长源东谷
3057,603955.SH,大千生态
3058,603956.SH,威派格
3059,603958.SH,哈森股份
3060,603959.SH,百利科技
3061,603960.SH,克来机电
3062,603963.SH,大理药业
3063,603966.SH,法兰泰克
3064,603967.SH,中创物流
3065,603968.SH,醋化股份
3066,603969.SH,银龙股份
3067,603970.SH,中农立华
3068,603976.SH,正川股份
3069,603977.SH,国泰集团
3070,603978.SH,深圳新星
3071,603979.SH,金诚信
3072,603980.SH,吉华集团
3073,603982.SH,泉峰汽车
3074,603983.SH,丸美股份
3075,603985.SH,恒润股份
3076,603986.SH,兆易创新
3077,603987.SH,康德莱
3078,603988.SH,中电电机
3079,603989.SH,艾华集团
3080,603990.SH,麦迪科技
3081,603991.SH,至正股份
3082,603992.SH,松霖科技
3083,603993.SH,洛阳钼业
3084,603995.SH,甬金股份
3085,603997.SH,继峰股份
3086,603998.SH,方盛制药
3087,603999.SH,读者传媒
3088,605001.SH,威奥股份
3089,605003.SH,众望布艺
3090,605005.SH,合兴股份
3091,605006.SH,山东玻纤
3092,605007.SH,五洲特纸
3093,605008.SH,长鸿高科
3094,605009.SH,豪悦护理
3095,605011.SH,杭州热电
3096,605016.SH,百龙创园
3097,605018.SH,长华集团
3098,605020.SH,永和股份
3099,605028.SH,世茂能源
3100,605033.SH,美邦股份
3101,605050.SH,福然德
3102,605055.SH,迎丰股份
3103,605056.SH,咸亨国际
3104,605058.SH,澳弘电子
3105,605060.SH,联德股份
3106,605066.SH,天正电气
3107,605068.SH,明新旭腾
3108,605069.SH,正和生态
3109,605077.SH,华康股份
3110,605080.SH,浙江自然
3111,605081.SH,太和水
3112,605086.SH,龙高股份
3113,605088.SH,冠盛股份
3114,605089.SH,味知香
3115,605090.SH,九丰能源
3116,605098.SH,行动教育
3117,605099.SH,共创草坪
3118,605100.SH,华丰股份
3119,605108.SH,同庆楼
3120,605111.SH,新洁能
3121,605116.SH,奥锐特
3122,605117.SH,德业股份
3123,605118.SH,力鼎光电
3124,605122.SH,四方新材
3125,605123.SH,派克新材
3126,605128.SH,上海沿浦
3127,605133.SH,嵘泰股份
3128,605136.SH,丽人丽妆
3129,605138.SH,盛泰集团
3130,605151.SH,西上海
3131,605155.SH,西大门
3132,605158.SH,华达新材
3133,605162.SH,新中港
3134,605166.SH,聚合顺
3135,605167.SH,利柏特
3136,605168.SH,三人行
3137,605169.SH,洪通燃气
3138,605177.SH,东亚药业
3139,605178.SH,时空科技
3140,605179.SH,一鸣食品
3141,605180.SH,华生科技
3142,605183.SH,确成股份
3143,605186.SH,健麾信息
3144,605188.SH,国光连锁
3145,605189.SH,富春染织
3146,605196.SH,华通线缆
3147,605198.SH,安德利
3148,605199.SH,葫芦娃
3149,605208.SH,永茂泰
3150,605218.SH,伟时电子
3151,605222.SH,起帆电缆
3152,605228.SH,神通科技
3153,605255.SH,天普股份
3154,605258.SH,协和电子
3155,605259.SH,绿田机械
3156,605266.SH,健之佳
3157,605268.SH,王力安防
3158,605277.SH,新亚电子
3159,605286.SH,同力日升
3160,605287.SH,德才股份
3161,605288.SH,凯迪股份
3162,605289.SH,罗曼股份
3163,605296.SH,神农集团
3164,605298.SH,必得科技
3165,605299.SH,舒华体育
3166,605300.SH,佳禾食品
3167,605303.SH,园林股份
3168,605305.SH,中际联合
3169,605318.SH,法狮龙
3170,605319.SH,无锡振华
3171,605333.SH,沪光股份
3172,605336.SH,帅丰电器
3173,605337.SH,李子园
3174,605338.SH,巴比食品
3175,605339.SH,南侨食品
3176,605358.SH,立昂微
3177,605365.SH,立达信
3178,605366.SH,宏柏新材
3179,605368.SH,蓝天燃气
3180,605369.SH,拱东医疗
3181,605376.SH,博迁新材
3182,605377.SH,华旺科技
3183,605378.SH,野马电池
3184,605388.SH,均瑶健康
3185,605389.SH,长龄液压
3186,605398.SH,新炬网络
3187,605399.SH,晨光新材
3188,605488.SH,福莱新材
3189,605499.SH,东鹏饮料
3190,605500.SH,森林包装
3191,605507.SH,国邦医药
3192,605555.SH,德昌股份
3193,605566.SH,福莱蒽特
3194,605567.SH,春雪食品
3195,605577.SH,龙版传媒
3196,605580.SH,恒盛能源
3197,605588.SH,冠石科技
3198,605589.SH,圣泉集团
3199,605598.SH,上海港湾
3200,605599.SH,菜百股份
